caption,label
"Ba người nâng ly bia trên sân thượng vào buổi tối",vi_pham_ruou_bia
"Nhóm bạn trẻ cụng ly bia và cười lớn trong quán bar",vi_pham_ruou_bia
"Người đàn ông uống rượu vang đỏ trước logo thương hiệu",vi_pham_ruou_bia
"Ly bia bọt tràn trên bàn tiệc và mọi người cổ vũ",vi_pham_ruou_bia
"Nam thanh niên rót bia vào ly giữa đám đông tiệc tùng",vi_pham_ruou_bia
"Hai cô gái khoác vai nhau nâng chai bia chụp hình quảng cáo",vi_pham_ruou_bia
"Quảng cáo cho thấy một bàn đầy chai rượu mạnh và tiếng cười phấn khích",vi_pham_ruou_bia
"Nam MC nói uống mỗi ngày để tận hưởng cuộc sống trọn vẹn",vi_pham_ruou_bia
"Một người đàn ông nằm gục trên bàn với nhiều lon bia rỗng xung quanh",vi_pham_ruou_bia
"Ba người đàn ông vừa lái xe vừa cầm lon bia trên tay",vi_pham_ruou_bia
"Cặp đôi cụng ly champagne và nháy mắt với máy quay",vi_pham_ruou_bia
"Bạn bè tụ tập trên sân thượng và cùng uống rượu vang trắng",vi_pham_ruou_bia
"Quảng cáo hiển thị chai rượu với khẩu hiệu sống hết mình đêm nay",vi_pham_ruou_bia
"Hai chàng trai vừa chơi game vừa uống bia lon cạnh logo thương hiệu",vi_pham_ruou_bia
"Người phụ nữ nâng ly cocktail đầy cồn và nói chạm mốc đỉnh cao",vi_pham_ruou_bia
"Đám đông nhảy nhót trong club với tay cầm các chai bia sáng nhãn hiệu rõ ràng",vi_pham_ruou_bia
"Quảng cáo quay cảnh tiệc hồ bơi với gái xinh cầm bia trên tay",vi_pham_ruou_bia
"Nhân vật chính khuyên hãy mở bia này để giải tỏa stress cuối ngày",vi_pham_ruou_bia
"Logo thương hiệu bia xuất hiện cạnh cảnh mọi người vừa uống vừa lái mô tô",vi_pham_ruou_bia
"Người dẫn chương trình nói đây là loại rượu mạnh số một cho đàn ông thực thụ",vi_pham_ruou_bia
"Hai người đàn ông xô đẩy và đánh nhau giành một sản phẩm khuyến mãi",vi_pham_bao_luc
"Người đàn ông tát thẳng mặt bạn mình trong quảng cáo nước hoa để gây hài",vi_pham_bao_luc
"Hai thanh niên đang vật lộn trên sàn siêu thị trước kệ hàng giảm giá",vi_pham_bao_luc
"Cảnh quay cận một cú đấm vào mặt kèm tiếng hiệu ứng mạnh",vi_pham_bao_luc
"Người đàn ông cầm gậy đe dọa người khác trong khung hình quảng cáo",vi_pham_bao_luc
"Nhóm thanh niên rượt đuổi nhau ngoài đường với thái độ gây hấn",vi_pham_bao_luc
"Nam chính đấm vào tường và la hét để thể hiện sức mạnh thương hiệu",vi_pham_bao_luc
"Người cha ném đồ vật và mắng chửi to tiếng với gia đình để quảng cáo dịch vụ tư vấn",vi_pham_bao_luc
"Thanh niên đạp xe bạt mạng lạng lách giữa phố để quảng cáo đồ uống năng lượng",vi_pham_bao_luc
"Quảng cáo mô tả cảnh hai người đập bể chai thủy tinh rồi cười khoái chí",vi_pham_bao_luc
"Nhân vật cầm dao chặt mạnh xuống thớt với hiệu ứng nguy hiểm để gây ấn tượng",vi_pham_bao_luc
"Hai đấu sĩ nắm cổ áo nhau và gào thét, quay chậm để nhấn drama",vi_pham_bao_luc
"Cảnh phá cửa xông vào phòng và quăng người xuống ghế để giới thiệu sản phẩm bảo vệ",vi_pham_bao_luc
"Diễn viên lao vào xô người khác ngã xuống đất trong đoạn quảng cáo cường điệu",vi_pham_bao_luc
"Người đàn ông đập bàn thật mạnh và chỉ tay dọa nạt đồng nghiệp",vi_pham_bao_luc
"Quảng cáo mô tả cảnh đua xe trái phép tốc độ cao giữa đêm",vi_pham_bao_luc
"Nhân vật dùng cú đá xoay trúng mặt đối thủ trong siêu thị để giành hộp hàng cuối cùng",vi_pham_bao_luc
"Đoạn quay slow motion nắm đấm máu bắn tung tóe để tạo cảm giác mạnh",vi_pham_bao_luc
"Nhân vật chĩa vật nhọn vào camera như đe dọa người xem",vi_pham_bao_luc
"Hai đứa trẻ ném đồ chơi vào nhau và hét ầm ĩ được dựng như tình huống hài",vi_pham_bao_luc
"Cô gái mặc bikini đỏ tạo dáng gợi cảm dựa vào thân xe hơi màu đen",vi_pham_nhay_cam
"Người mẫu nằm trên giường với ánh đèn mờ, môi đỏ và áo ngủ hở vai",vi_pham_nhay_cam
"Cảnh quay tập trung vào cơ thể người phụ nữ trong bộ váy cắt xẻ sâu",vi_pham_nhay_cam
"Cô gái khẽ liếm môi khi cầm chai nước hoa sát cổ",vi_pham_nhay_cam
"Người mẫu uốn người chậm rãi dưới ánh đèn club khi cầm lon đồ uống",vi_pham_nhay_cam
"Quảng cáo quay cận phần eo và đùi người mẫu trong đồ bơi hai mảnh",vi_pham_nhay_cam
"Người đàn ông cởi trần khoe cơ bụng trong phòng ngủ để bán nước hoa nam",vi_pham_nhay_cam
"Nhân vật nữ vuốt ve bờ vai của nam chính và thì thầm vào tai anh ấy",vi_pham_nhay_cam
"Người mẫu ngả người lên mui xe sang, chân đặt cao tạo dáng quyến rũ",vi_pham_nhay_cam
"Cảnh quay chậm vòng eo thon khi giới thiệu sản phẩm giảm mỡ tức thì",vi_pham_nhay_cam
"Người phụ nữ kéo dây áo xuống khẽ khàng để gây gợi ý",vi_pham_nhay_cam
"Hai người ôm hôn nồng nhiệt trên ghế sofa trong ánh đèn đỏ tím",vi_pham_nhay_cam
"Người mẫu liếc mắt và liếm viền ly cocktail trong quán bar",vi_pham_nhay_cam
"Quảng cáo sử dụng cảnh tắm vòi sen nhìn xuyên qua lớp kính mờ",vi_pham_nhay_cam
"Cô gái đi catwalk trong bộ đồ xuyên thấu để giới thiệu một hãng nước giải khát",vi_pham_nhay_cam
"Nam người mẫu kéo áo lên khoe cơ bắp và nói anh là lựa chọn nóng bỏng nhất",vi_pham_nhay_cam
"Người dẫn chương trình gọi sản phẩm là bí mật giữ sự nóng bỏng trên giường",vi_pham_nhay_cam
"Camera lia chậm trên cơ thể người phụ nữ ở bãi biển buổi chiều",vi_pham_nhay_cam
"Người mẫu tạo dáng cong lưng cạnh mô tô phân khối lớn trong gara tối",vi_pham_nhay_cam
"Cặp đôi nằm sát nhau trên giường khách sạn và mỉm cười đầy ẩn ý",vi_pham_nhay_cam
"Thầy cúng đứng trước bàn đầy vàng mã khấn cầu tài lộc cho cửa hàng",vi_pham_ton_giao
"Người đàn ông mặc áo cà sa tụng kinh để quảng bá sản phẩm phong thủy",vi_pham_ton_giao
"Quảng cáo ghi cảnh đốt nhang cúng thần tài để buôn may bán đắt",vi_pham_ton_giao
"Người dẫn chương trình nói rằng vòng bùa này sẽ xua đuổi xui rủi",vi_pham_ton_giao
"Nữ nhân vật quỳ lạy trước tượng Phật và xin phù hộ cho thương hiệu",vi_pham_ton_giao
"Cảnh quay nghi lễ cúng bái với tiếng chuông chùa vang lên để PR cửa hàng vàng",vi_pham_ton_giao
"Diễn viên mặc áo thầy pháp vung bó nhang quanh khách và nói trừ tà",vi_pham_ton_giao
"Người bán tuyên bố sản phẩm được linh thiêng hóa từ đền nổi tiếng",vi_pham_ton_giao
"Quảng cáo nói mua bùa hộ mệnh này sẽ chắc chắn phát tài",vi_pham_ton_giao
"Nhân vật gõ chuông chùa rồi bảo ai đeo vòng đá này đều bình an",vi_pham_ton_giao
"Ông thầy giơ lá bùa lên và bảo mang theo sẽ không bao giờ thất bại",vi_pham_ton_giao
"Người dẫn chuyện khẳng định chỉ cần đặt tượng thần tài này trong nhà là giàu lên ngay",vi_pham_ton_giao
"Nhân vật chắp tay khấn trước bàn thờ tổ tiên kêu gọi mua sản phẩm phong thủy",vi_pham_ton_giao
"Quảng cáo quay cảnh cầu duyên trong đền để bán vòng đá đỏ",vi_pham_ton_giao
"Người phụ nữ kể rằng sau khi thỉnh bùa của shop thì công việc hanh thông",vi_pham_ton_giao
"Người bán đưa thẻ thần chú và bảo ai giữ sẽ tránh mọi tai nạn",vi_pham_ton_giao
"Thầy cúng gõ trống, gọi hồn và bảo khách hàng sẽ có may mắn lớn",vi_pham_ton_giao
"Giọng đọc nói sản phẩm đã được khai quang mở mắt bởi cao tăng",vi_pham_ton_giao
"Người đàn ông mặc trang phục tu sĩ hứa hẹn bình an tâm linh khi mua vòng tay",vi_pham_ton_giao
"Clip chiếu cảnh cúng ban đêm ngoài nghĩa trang để bán dịch vụ giải hạn",vi_pham_ton_giao
"Bác sĩ mặc áo blouse trắng nói loại kem này chữa khỏi mọi bệnh da chỉ sau một đêm",vi_pham_sai_lech
"Người dẫn chương trình khẳng định sản phẩm giúp giảm mỡ bụng ngay lập tức không cần tập luyện",vi_pham_sai_lech
"Giọng thuyết minh nói uống gói bột này là sẽ trẻ ra mười năm chỉ trong ba ngày",vi_pham_sai_lech
"Nam MC nói đảm bảo hiệu quả 100 phần trăm cho tất cả mọi người",vi_pham_sai_lech
"Quảng cáo tuyên bố viên uống này chữa được tiểu đường vĩnh viễn",vi_pham_sai_lech
"Cô gái nói chỉ cần bôi một lần là nám biến mất hoàn toàn",vi_pham_sai_lech
"Giọng nói khẳng định thuốc giúp mọc lại tóc ngay cả trên đầu hói lâu năm",vi_pham_sai_lech
"Nhân vật nói sản phẩm này là tốt nhất thế giới, không có đối thủ",vi_pham_sai_lech
"MC hứa hoàn tiền gấp đôi nếu không thấy da trắng lên trong 24 giờ",vi_pham_sai_lech
"Quảng cáo cho biết uống loại nước này sẽ sống thọ hơn 120 tuổi",vi_pham_sai_lech
"Người tự xưng bác sĩ bảo chỉ cần uống viên này là khỏi ung thư",vi_pham_sai_lech
"Clip tuyên bố đeo vòng phong thủy này chắc chắn trúng lô đề",vi_pham_sai_lech
"Người bán hét lên đây là cơ hội duy nhất trong đời không thể bỏ lỡ",vi_pham_sai_lech
"Giọng nữ nói sản phẩm này đã được NASA chứng nhận dù không đưa bằng chứng",vi_pham_sai_lech
"Người mẫu nói bảo hiểm này giúp bạn giàu lên chỉ sau một tháng đóng phí",vi_pham_sai_lech
"Nam MC bảo uống chai nước này sẽ đốt sạch mỡ bụng trong khi ngủ",vi_pham_sai_lech
"Quảng cáo hứa đảm bảo kiếm hai mươi triệu mỗi ngày chỉ cần ở nhà",vi_pham_sai_lech
"Giọng nói nói rằng kem bôi này thay thế hoàn toàn phẫu thuật thẩm mỹ",vi_pham_sai_lech
"Cô gái khẳng định viên uống làm trắng da tuyệt đối an toàn cho phụ nữ mang thai mà không cần kiểm chứng",vi_pham_sai_lech
"Nam nhân vật nói chỉ cần đăng ký link này là chắc chắn trúng thưởng xe hơi",vi_pham_sai_lech
"Người phụ nữ đang giới thiệu sản phẩm dưỡng da trong phòng tươi sáng",ok
"Gia đình bốn người ngồi ăn cơm tối và cười với nhau",ok
"Người cha và con trai cùng sửa xe đạp trong sân nhà",ok
"Cô nhân viên lễ tân đứng mỉm cười chào khách ở quầy lễ tân khách sạn",ok
"Nhóm bạn trẻ đi siêu thị chọn rau củ tươi",ok
"Người mẹ đang gội đầu cho bé bằng dầu gội trẻ em",ok
"Đầu bếp trình bày món ăn vừa nấu xong trong căn bếp sạch sẽ",ok
"Nhân viên giao hàng trao gói đồ cho khách và cúi đầu cảm ơn",ok
"Người bán hàng đang demo máy lọc nước trong showroom",ok
"Một cặp vợ chồng cùng dọn dẹp phòng khách cuối tuần",ok
"Nhóm sinh viên mặc áo cử nhân chụp ảnh tốt nghiệp",ok
"Người đàn ông đang lắp máy lọc không khí và giải thích tính năng",ok
"Cô gái mở hộp sản phẩm mới và chỉ vào các chi tiết nổi bật",ok
"Gia đình ngồi trên sofa xem tivi cùng nhau vào buổi tối",ok
"Nhân viên kỹ thuật kiểm tra đường ống nước và gật đầu hài lòng",ok
"Người nông dân đứng trên cánh đồng lúa vàng cầm bao phân bón",ok
"Một bà mẹ ôm con nhỏ và nói về sự an toàn của sữa bột cho bé",ok
"Khách hàng nở nụ cười sau khi được tư vấn bảo hiểm y tế",ok
"Người lái xe ô tô mới mở cửa xe và nhìn vào camera đầy tự hào",ok
"Cô gái đeo balo du lịch và giơ tay chỉ bảng chỉ đường thành phố",ok
"Nhóm thanh niên cụng ly bia giữa phố đi bộ đông đúc",vi_pham_ruou_bia
"Người đàn ông nâng ly rượu mạnh với ánh đèn neon phía sau",vi_pham_ruou_bia
"Bạn bè hát karaoke trong quán nhậu và uống bia liên tục",vi_pham_ruou_bia
"Quảng cáo cho thấy cảnh mở nắp bia và bọt trào ra trên bàn",vi_pham_ruou_bia
"Ly bia bốc hơi trong ánh sáng vàng của buổi tiệc",vi_pham_ruou_bia
"Nhóm bạn nhảy múa trên sân khấu cầm bia hô to khẩu hiệu",vi_pham_ruou_bia
"Người đàn ông đổ bia lên đầu trong tiếng reo hò",vi_pham_ruou_bia
"Quảng cáo quay cận cảnh dòng rượu chảy vào ly thủy tinh",vi_pham_ruou_bia
"Nhân vật nữ rót bia từ chai cao cổ với ánh mắt gợi cảm",vi_pham_ruou_bia
"Người đàn ông uống bia khi đang lái xe tải",vi_pham_ruou_bia
"Nam chính cười sảng khoái sau khi uống rượu trắng",vi_pham_ruou_bia
"Quảng cáo nói 'hãy nâng ly cho thành công hôm nay'",vi_pham_ruou_bia
"Nhóm bạn nam chơi bida trong quán rượu và cụng ly vui vẻ",vi_pham_ruou_bia
"Người phụ nữ cầm ly bia và hô to tên thương hiệu",vi_pham_ruou_bia
"Logo thương hiệu bia xuất hiện cùng dòng chữ 'uống là sảng khoái'",vi_pham_ruou_bia
"Ly rượu vang đỏ được rót chậm vào cốc pha lê",vi_pham_ruou_bia
"Người đàn ông cụng ly với đồng nghiệp trong văn phòng",vi_pham_ruou_bia
"Quảng cáo hiển thị cảnh nướng thịt và uống bia cùng nhau",vi_pham_ruou_bia
"Người mẫu nhấp môi vào ly cocktail đầy bọt",vi_pham_ruou_bia
"Nhóm bạn trẻ nhảy xuống hồ bơi với lon bia trên tay",vi_pham_ruou_bia
"Người đàn ông đấm vào gương để thể hiện sự mạnh mẽ",vi_pham_bao_luc
"Nam thanh niên cầm dao chặt trái cây nhưng hành động hung hăng",vi_pham_bao_luc
"Hai người đàn ông vật nhau trên bàn làm việc",vi_pham_bao_luc
"Người đàn ông đá cửa và xông vào phòng để dọa nạt",vi_pham_bao_luc
"Cảnh người đuổi đánh nhau trong siêu thị để giành hàng khuyến mãi",vi_pham_bao_luc
"Nam chính quăng điện thoại xuống đất trong cơn giận dữ",vi_pham_bao_luc
"Người đàn ông xô ghế và hét lớn vào mặt người khác",vi_pham_bao_luc
"Quảng cáo mô tả cảnh đập vỡ bàn kính khi tranh cãi",vi_pham_bao_luc
"Nhóm thanh niên cầm gậy đánh nhau ngoài bãi xe",vi_pham_bao_luc
"Nam diễn viên húc vai người khác khi bước qua",vi_pham_bao_luc
"Người đàn ông tát nhân viên để dạy bài học kỷ luật",vi_pham_bao_luc
"Quảng cáo dùng cảnh cháy nổ để mô tả sức mạnh sản phẩm",vi_pham_bao_luc
"Cảnh đua xe tốc độ cao không đội mũ bảo hiểm",vi_pham_bao_luc
"Hai người chơi vật tay rồi ném bàn khi thua",vi_pham_bao_luc
"Người phụ nữ đập mạnh cửa tủ lạnh vì bực tức",vi_pham_bao_luc
"Nhân vật chính hét vào mặt camera với giọng dữ dội",vi_pham_bao_luc
"Người đàn ông húc vai người khác giữa phố",vi_pham_bao_luc
"Cảnh người ném chai nước trúng người qua đường",vi_pham_bao_luc
"Quảng cáo mô tả hành động đấm vỡ tường khi tức giận",vi_pham_bao_luc
"Hai người giằng co làm rơi hàng hóa trên kệ",vi_pham_bao_luc
"Cô gái mặc áo hai dây tạo dáng cạnh xe thể thao",vi_pham_nhay_cam
"Người mẫu cởi áo khoác chậm rãi để lộ vai trần",vi_pham_nhay_cam
"Cảnh quay người phụ nữ nằm trên giường với váy ngắn",vi_pham_nhay_cam
"Người mẫu vuốt tóc và nhìn thẳng vào máy quay đầy gợi cảm",vi_pham_nhay_cam
"Cô gái nhắm mắt khẽ mỉm cười trong tư thế khiêu gợi",vi_pham_nhay_cam
"Người đàn ông khoe cơ bắp và nháy mắt với khán giả",vi_pham_nhay_cam
"Người phụ nữ liếm viền ly cocktail trên sân khấu",vi_pham_nhay_cam
"Người mẫu ngả người ra ghế và vắt chân chéo quyến rũ",vi_pham_nhay_cam
"Quảng cáo sử dụng cảnh tắm trong ánh sáng đỏ mờ ảo",vi_pham_nhay_cam
"Người mẫu mặc váy mỏng manh đi dưới mưa",vi_pham_nhay_cam
"Nam người mẫu kéo áo lên khoe bụng sáu múi",vi_pham_nhay_cam
"Cô gái đặt ngón tay lên môi và nhìn đầy ẩn ý",vi_pham_nhay_cam
"Người mẫu cười khẽ khi gió thổi tung tóc và váy",vi_pham_nhay_cam
"Cảnh quay chậm tập trung vào phần hông người phụ nữ",vi_pham_nhay_cam
"Người phụ nữ xoay người khi mặc đồ ngủ ren trắng",vi_pham_nhay_cam
"Nam chính cởi áo trong phòng tập để quảng bá nước hoa",vi_pham_nhay_cam
"Người phụ nữ khẽ cắn môi khi nhìn vào camera",vi_pham_nhay_cam
"Quảng cáo chiếu cảnh người mẫu tạo dáng gợi cảm bên hồ bơi",vi_pham_nhay_cam
"Cô gái dùng ánh mắt khiêu khích trong đoạn giới thiệu sản phẩm",vi_pham_nhay_cam
"Hai người ôm nhau trên ghế sofa trong ánh sáng mờ",vi_pham_nhay_cam
"Người đàn ông mặc áo thầy pháp vẽ bùa trên giấy vàng",vi_pham_ton_giao
"Thầy cúng đang đốt nhang và lẩm nhẩm cầu tài",vi_pham_ton_giao
"Người phụ nữ khấn trước bàn thờ tổ tiên để cầu buôn may bán đắt",vi_pham_ton_giao
"Nam MC giới thiệu vòng đá có năng lượng tâm linh đặc biệt",vi_pham_ton_giao
"Clip quay cảnh lễ cúng thần tài trong cửa hàng mới khai trương",vi_pham_ton_giao
"Người đàn ông giơ bùa hộ mệnh và nói sẽ giúp tránh xui xẻo",vi_pham_ton_giao
"Quảng cáo nhấn mạnh rằng tượng thần linh mang lại may mắn tức thì",vi_pham_ton_giao
"Người bán nói sản phẩm đã được khai quang tại ngôi chùa nổi tiếng",vi_pham_ton_giao
"Cảnh quay vị sư đọc kinh và ban phước cho sản phẩm",vi_pham_ton_giao
"Người dẫn chương trình nói chỉ cần thỉnh vòng này là bình an suốt năm",vi_pham_ton_giao
"Clip cho thấy người mặc áo cà sa trao bùa may mắn cho khách",vi_pham_ton_giao
"Quảng cáo nói sản phẩm được phù chú nên mang lại tài lộc",vi_pham_ton_giao
"Người dẫn chuyện nhấn mạnh đây là vật linh thiêng thật sự",vi_pham_ton_giao
"Nam diễn viên hóa trang thành pháp sư đang niệm thần chú",vi_pham_ton_giao
"Người phụ nữ kể rằng sau khi mua bùa phong thủy thì trúng số",vi_pham_ton_giao
"Người bán khẳng định đá năng lượng này sẽ chữa lành bệnh",vi_pham_ton_giao
"Cảnh lễ cúng bái có khói nhang nghi ngút và tiếng tụng kinh",vi_pham_ton_giao
"Người đàn ông đeo bùa và nói đã được thầy khai nhãn",vi_pham_ton_giao
"Video cho thấy cảnh ban phước bằng nước thánh",vi_pham_ton_giao
"Người nói tin rằng chỉ cần cầu khấn là sản phẩm phát huy phép màu",vi_pham_ton_giao
"MC nói viên uống này đảm bảo giảm cân 10kg trong một tuần",vi_pham_sai_lech
"Người phụ nữ nói chỉ cần bôi kem là da trắng sau 5 phút",vi_pham_sai_lech
"Quảng cáo tuyên bố uống nước này sẽ giúp thông minh hơn",vi_pham_sai_lech
"Giọng nói nói đây là thuốc chữa được mọi loại bệnh",vi_pham_sai_lech
"Người dẫn chương trình bảo đảm hiệu quả 200 phần trăm",vi_pham_sai_lech
"Quảng cáo nói chỉ cần dùng 1 lần là trẻ ra ngay lập tức",vi_pham_sai_lech
"Cô gái khẳng định sản phẩm này được chứng nhận quốc tế dù không có giấy tờ",vi_pham_sai_lech
"Người bán nói vòng phong thủy này chắc chắn mang lại tài lộc",vi_pham_sai_lech
"Nam MC bảo ai mua hôm nay sẽ thành công mãi mãi",vi_pham_sai_lech
"Clip tuyên bố đây là sản phẩm duy nhất chữa được ung thư",vi_pham_sai_lech
"Người mẫu nói loại kem này tốt nhất thế giới",vi_pham_sai_lech
"Giọng nói quảng cáo nói uống trà này giúp giảm stress và tăng lương",vi_pham_sai_lech
"MC nói chỉ cần gọi điện là có cơ hội trúng thưởng xe hơi",vi_pham_sai_lech
"Người đàn ông nói thiết bị này giúp cải thiện trí nhớ tức thì",vi_pham_sai_lech
"Người dẫn chương trình nói uống viên này giúp hạnh phúc hơn",vi_pham_sai_lech
"Quảng cáo cho biết chỉ 3 ngày là khỏi hoàn toàn đau nhức",vi_pham_sai_lech
"MC nói sản phẩm này được bác sĩ NASA chứng minh",vi_pham_sai_lech
"Nam nhân vật nói bảo hiểm này sẽ khiến bạn giàu có",vi_pham_sai_lech
"Người bán hàng nói vòng tay này mang năng lượng chữa lành tuyệt đối",vi_pham_sai_lech
"Người phụ nữ tuyên bố sản phẩm này sẽ khiến mọi người yêu thích bạn ngay lập tức",vi_pham_sai_lech
"Gia đình bốn người cùng nấu ăn trong căn bếp hiện đại",ok
"Người cha đẩy xe hàng trong siêu thị và cười với con gái",ok
"Cô nhân viên ngân hàng tư vấn khách hàng tận tình",ok
"Người bán hàng đứng demo máy hút bụi cho khách",ok
"Nhân viên giao hàng mỉm cười trao gói hàng tận tay",ok
"Người phụ nữ đang trang trí bánh kem sinh nhật",ok
"Trẻ em chơi đùa trong sân với bóng bay đầy màu sắc",ok
"Người nông dân thu hoạch rau sạch ngoài đồng",ok
"Nhân viên chăm sóc khách hàng nghe điện thoại và ghi chú",ok
"Người đàn ông đang lái xe hơi mới trên đường quê",ok
"Cô gái mở laptop làm việc tại quán cà phê",ok
"Gia đình ngồi xem tivi cùng nhau vào buổi tối",ok
"Người kỹ sư kiểm tra máy móc trong nhà máy",ok
"Nhóm sinh viên đang thuyết trình trong lớp học",ok
"Người phụ nữ đi chợ sáng và chọn trái cây tươi",ok
"Nhân viên y tế tiêm vaccine cho trẻ nhỏ",ok
"Người đầu bếp nấu món ăn trong nhà hàng sang trọng",ok
"Khách hàng nhận quà tri ân và cười rạng rỡ",ok
"Cô gái thử son trước gương trong cửa hàng mỹ phẩm",ok
"Nhân viên kỹ thuật đang sửa điều hòa trong văn phòng",ok
"Người dẫn chương trình mở chai bia và mời khán giả cùng uống",vi_pham_ruou_bia
"Nam ca sĩ cầm ly bia khi biểu diễn trên sân khấu",vi_pham_ruou_bia
"Nhóm bạn trẻ ngồi vỉa hè uống bia và cười đùa ồn ào",vi_pham_ruou_bia
"Quảng cáo cho thấy cảnh khui bia và hô to thương hiệu",vi_pham_ruou_bia
"Người phụ nữ cụng ly rượu vang trong buổi tiệc sinh nhật",vi_pham_ruou_bia
"Nam diễn viên cầm lon bia chạy ngoài đường và hét to",vi_pham_ruou_bia
"Cảnh quay bọt bia trào ra và ánh sáng phản chiếu",vi_pham_ruou_bia
"Người mẫu nâng ly cocktail màu đỏ với nụ cười gợi cảm",vi_pham_ruou_bia
"Ba người đàn ông đứng cạnh quầy bar và uống rượu mạnh",vi_pham_ruou_bia
"Người đàn ông nói uống bia này sẽ gắn kết tình bạn",vi_pham_ruou_bia
"Quảng cáo mô tả tiệc hồ bơi và bia xuất hiện trên tay từng người",vi_pham_ruou_bia
"Nam chính uống rượu trong bồn tắm để thể hiện đẳng cấp",vi_pham_ruou_bia
"Người đàn ông ngồi trên xe máy và cầm lon bia",vi_pham_ruou_bia
"Logo thương hiệu rượu hiện lên giữa cảnh khiêu vũ",vi_pham_ruou_bia
"Nam diễn viên uống rượu rồi cười phá lên",vi_pham_ruou_bia
"Quảng cáo nói hãy cùng nâng ly để tận hưởng đêm nay",vi_pham_ruou_bia
"Người đàn ông say xỉn nhưng vẫn cười và hô tên thương hiệu",vi_pham_ruou_bia
"Nam chính rót bia lên ly của người phụ nữ cạnh mình",vi_pham_ruou_bia
"Người phụ nữ cầm chai bia và nói cuộc sống là để thưởng thức",vi_pham_ruou_bia
"Nhóm bạn cụng ly bia khi xem bóng đá trên màn hình lớn",vi_pham_ruou_bia
"Nam thanh niên húc vai bạn để tranh quà tặng trong quảng cáo",vi_pham_bao_luc
"Người đàn ông đá mạnh vào cửa hàng đang đóng",vi_pham_bao_luc
"Nhân vật chính dùng nắm đấm đập xuống bàn để thể hiện quyền lực",vi_pham_bao_luc
"Người phụ nữ ném đồ xuống đất khi tức giận trong quảng cáo",vi_pham_bao_luc
"Cảnh người đuổi nhau ngoài phố được quay chậm",vi_pham_bao_luc
"Nam chính giật sản phẩm khỏi tay người khác",vi_pham_bao_luc
"Nhân vật đá tung thùng hàng khi không hài lòng",vi_pham_bao_luc
"Người đàn ông tát bạn diễn để gây ấn tượng",vi_pham_bao_luc
"Quảng cáo mô tả cảnh đấm đá trong phòng tập",vi_pham_bao_luc
"Hai người đàn ông vật lộn trong tiệm tạp hóa",vi_pham_bao_luc
"Cảnh cháy nổ xuất hiện khi nhấn mạnh sức mạnh thương hiệu",vi_pham_bao_luc
"Nam MC ném micro xuống đất sau khi hét khẩu hiệu",vi_pham_bao_luc
"Người đàn ông đập mạnh bàn phím và la hét",vi_pham_bao_luc
"Quảng cáo có cảnh phá tường bằng tay trần",vi_pham_bao_luc
"Người đàn ông nắm cổ áo đồng nghiệp trong cơn giận",vi_pham_bao_luc
"Cảnh quay người đấm vào tường khi thất vọng",vi_pham_bao_luc
"Nam diễn viên xô ghế ra xa để thể hiện sức mạnh",vi_pham_bao_luc
"Người phụ nữ ném chai nước về phía camera",vi_pham_bao_luc
"Hai đứa trẻ đánh nhau và la hét trong quảng cáo đồ chơi",vi_pham_bao_luc
"Người đàn ông cầm dao dọa đối thủ trong đoạn phim",vi_pham_bao_luc
"Cô gái mặc áo tắm hai mảnh bước chậm ra bãi biển",vi_pham_nhay_cam
"Người mẫu uốn người cạnh hồ bơi trong ánh nắng",vi_pham_nhay_cam
"Người phụ nữ mặc váy cúp ngực tạo dáng bên mô tô",vi_pham_nhay_cam
"Người mẫu liếm kem với ánh mắt quyến rũ",vi_pham_nhay_cam
"Cảnh quay vòng eo trần trong ánh sáng mờ",vi_pham_nhay_cam
"Người đàn ông cởi áo khoe cơ ngực trong phòng tắm",vi_pham_nhay_cam
"Người phụ nữ kéo dây váy khi nhìn vào máy quay",vi_pham_nhay_cam
"Cặp đôi ôm nhau trên giường khách sạn",vi_pham_nhay_cam
"Người mẫu nhìn thẳng camera và cười gợi cảm",vi_pham_nhay_cam
"Người phụ nữ mặc áo xuyên thấu trong studio",vi_pham_nhay_cam
"Người đàn ông cởi trần khoe hình xăm trong gương",vi_pham_nhay_cam
"Cô gái nghiêng người trên sofa và nhìn đắm đuối",vi_pham_nhay_cam
"Cảnh cận đôi môi tô son đỏ trong ánh đèn mờ",vi_pham_nhay_cam
"Người mẫu nằm nghiêng trên sàn và vuốt tóc",vi_pham_nhay_cam
"Người phụ nữ hôn nhẹ lên chai nước hoa",vi_pham_nhay_cam
"Nam người mẫu cởi áo trong quảng cáo thể hình",vi_pham_nhay_cam
"Người phụ nữ đi dọc bờ biển trong bộ đồ bó sát",vi_pham_nhay_cam
"Người mẫu đứng trước gương nhìn cơ thể của mình",vi_pham_nhay_cam
"Người phụ nữ khẽ cười khi gió thổi bay tóc và váy",vi_pham_nhay_cam
"Cô gái nằm trên giường với chăn mỏng che nửa người",vi_pham_nhay_cam
"Thầy cúng mặc áo vàng đang cầu khấn trong tiệm vàng",vi_pham_ton_giao
"Người dẫn chương trình nói bùa phong thủy này sẽ giúp buôn may bán đắt",vi_pham_ton_giao
"Clip quay cảnh lễ cúng đầu năm tại cửa hàng mới",vi_pham_ton_giao
"Người đàn ông thắp nhang và khấn lớn trước tượng thần tài",vi_pham_ton_giao
"Người phụ nữ kể đã may mắn sau khi thỉnh vòng đá đỏ",vi_pham_ton_giao
"Quảng cáo nói sản phẩm được trì chú tại chùa nổi tiếng",vi_pham_ton_giao
"Thầy pháp gõ chuông và ban phép cho người mua",vi_pham_ton_giao
"Người bán nói bùa này giúp tránh tai nạn khi đi đường",vi_pham_ton_giao
"Nam diễn viên hóa thân thành sư thầy đọc kinh",vi_pham_ton_giao
"Clip ghi lại cảnh thắp nhang và tụng niệm tại bàn thờ",vi_pham_ton_giao
"Người phụ nữ đặt tượng thần tài lên bàn thờ và cười",vi_pham_ton_giao
"Người dẫn chuyện nói sản phẩm có năng lượng tâm linh mạnh",vi_pham_ton_giao
"Quảng cáo cho thấy người quỳ lạy trước chùa",vi_pham_ton_giao
"Thầy cúng dùng bát nước vẩy lên sản phẩm và đọc thần chú",vi_pham_ton_giao
"Người bán hàng mặc đồ sư cô nói chuyện với khách",vi_pham_ton_giao
"Video chiếu cảnh lễ hội cúng bái và múa lân cầu tài",vi_pham_ton_giao
"Người dẫn nói tượng phật nhỏ giúp cải vận",vi_pham_ton_giao
"Người phụ nữ trao bùa may mắn cho khách hàng",vi_pham_ton_giao
"Người đàn ông nói vật phẩm này đã được thầy khai quang",vi_pham_ton_giao
"Cảnh đốt giấy vàng mã và nhang nghi ngút trong tiệm",vi_pham_ton_giao
"Người dẫn chương trình nói thuốc này chữa khỏi ung thư",vi_pham_sai_lech
"Quảng cáo khẳng định uống nước này giúp giảm mỡ nhanh gấp 10 lần",vi_pham_sai_lech
"MC nói sản phẩm này tốt nhất thế giới",vi_pham_sai_lech
"Người phụ nữ nói chỉ cần dùng 1 lần sẽ khỏi hoàn toàn",vi_pham_sai_lech
"Nam diễn viên tuyên bố đây là bí quyết sống thọ trăm năm",vi_pham_sai_lech
"Người mẫu nói viên uống này được NASA chứng nhận",vi_pham_sai_lech
"Người dẫn nói vòng đá phong thủy này bảo đảm giàu có",vi_pham_sai_lech
"MC nói sản phẩm được kiểm nghiệm bởi bác sĩ Mỹ dù không có chứng cứ",vi_pham_sai_lech
"Quảng cáo tuyên bố thuốc giúp mọc tóc ngay tức thì",vi_pham_sai_lech
"Giọng nói nói uống nước này sẽ sống khoẻ 100 tuổi",vi_pham_sai_lech
"Người phụ nữ nói kem bôi này thay thế phẫu thuật",vi_pham_sai_lech
"MC nói chỉ cần đặt hàng hôm nay là cuộc đời thay đổi",vi_pham_sai_lech
"Nam MC bảo đảm hoàn tiền nếu không thấy hiệu quả trong 1 ngày",vi_pham_sai_lech
"Người dẫn chương trình nói thuốc giúp tăng chiều cao dù đã trưởng thành",vi_pham_sai_lech
"Clip cho biết đây là sản phẩm duy nhất được thần linh chứng nhận",vi_pham_sai_lech
"Người bán hét lên 'ai không mua hôm nay sẽ hối hận cả đời'",vi_pham_sai_lech
"Người phụ nữ nói sản phẩm này giúp thông minh hơn sau một tuần",vi_pham_sai_lech
"MC nói uống nước này sẽ giúp có người yêu ngay",vi_pham_sai_lech
"Người mẫu nói đây là bí quyết hạnh phúc vĩnh cửu",vi_pham_sai_lech
"Người bán tuyên bố sản phẩm giúp trúng số may mắn",vi_pham_sai_lech
"Người phụ nữ đang pha cà phê buổi sáng trong bếp",ok
"Gia đình cùng nhau dọn dẹp nhà cửa cuối tuần",ok
"Người cha dạy con trai cách gấp áo quần",ok
"Nhân viên bán hàng tư vấn sản phẩm điện tử",ok
"Người mẹ ôm con nhỏ và mỉm cười hạnh phúc",ok
"Khách hàng nhận hàng và ký tên vào hóa đơn",ok
"Người đàn ông đang tưới cây trong vườn",ok
"Cô gái làm việc tại văn phòng với máy tính",ok
"Người nông dân thu hoạch cà phê trong nắng sớm",ok
"Nhóm bạn trẻ đi picnic ngoài trời và nướng thịt",ok
"Người phụ nữ nấu canh trong nồi và cười",ok
"Người thợ sửa xe đang kiểm tra bánh xe máy",ok
"Cô giáo viết chữ lên bảng trong lớp học",ok
"Nhân viên phục vụ bê đồ ăn ra bàn cho khách",ok
"Người đàn ông kiểm tra hóa đơn trong siêu thị",ok
"Khách hàng mở hộp quà sinh nhật và cười tươi",ok
"Người mẹ đọc truyện cho con nghe trước khi ngủ",ok
"Nhóm đồng nghiệp thảo luận dự án trong phòng họp",ok
"Người bán hàng online livestream giới thiệu sản phẩm",ok
"Người tài xế mở cửa xe và cúi đầu chào khách",ok
"Streamer nâng ly bia và nói 'chúc mừng đơn hàng đầu tiên'",vi_pham_ruou_bia
"Người đàn ông livestream uống bia trong buổi bán hàng",vi_pham_ruou_bia
"Quảng cáo khui bia và bọt tràn ra khi nhạc nền sôi động",vi_pham_ruou_bia
"Nhóm bạn nhảy múa trong quán bar với tay cầm chai bia",vi_pham_ruou_bia
"Nam chính rót bia lên ly và hô to thương hiệu",vi_pham_ruou_bia
"Người mẫu cụng ly rượu vang trong ánh đèn mờ",vi_pham_ruou_bia
"Đám đông nâng ly trong lễ hội bia ngoài trời",vi_pham_ruou_bia
"Quảng cáo mô tả cảnh tiệc rượu linh đình trong nhà hàng",vi_pham_ruou_bia
"Người đàn ông say xỉn cười lớn khi được hỏi về sản phẩm",vi_pham_ruou_bia
"MC nói 'không bia không vui' trong chương trình trực tiếp",vi_pham_ruou_bia
"Nam diễn viên uống rượu rồi lái xe rời khỏi bữa tiệc",vi_pham_ruou_bia
"Người phụ nữ nâng ly champagne trong phòng sang trọng",vi_pham_ruou_bia
"Bạn bè khui bia khi cổ vũ bóng đá trên tivi",vi_pham_ruou_bia
"Người đàn ông uống bia trên xe tải đang chạy",vi_pham_ruou_bia
"Cảnh tiệc sinh nhật với bánh và hàng chục lon bia trên bàn",vi_pham_ruou_bia
"Nam ca sĩ vừa hát vừa uống bia trên sân khấu",vi_pham_ruou_bia
"Người đàn ông rót rượu mạnh vào ly thủy tinh",vi_pham_ruou_bia
"Logo thương hiệu bia hiện lên giữa đám đông tiệc tùng",vi_pham_ruou_bia
"Cảnh khui bia được tua chậm và chiếu sáng lung linh",vi_pham_ruou_bia
"Nam chính nói uống bia này mới là đàn ông thực thụ",vi_pham_ruou_bia
"Người đàn ông đánh vào bàn khi nghe tin xấu trong quảng cáo",vi_pham_bao_luc
"Nam diễn viên đấm mạnh vào gương để thể hiện cảm xúc",vi_pham_bao_luc
"Quảng cáo mô tả cảnh đánh nhau giữa hai nhóm thanh niên",vi_pham_bao_luc
"Người đàn ông đạp cửa và xông vào phòng họp",vi_pham_bao_luc
"Hai người giằng co làm rơi đồ đạc trong siêu thị",vi_pham_bao_luc
"Nam chính tát bạn diễn trong cảnh hài hước",vi_pham_bao_luc
"Người đàn ông ném ghế xuống sàn khi nổi giận",vi_pham_bao_luc
"Cảnh quay nổ lớn khi nhân vật hét lên khẩu hiệu sản phẩm",vi_pham_bao_luc
"Người phụ nữ tát bạn trai rồi bỏ đi trong quảng cáo nước hoa",vi_pham_bao_luc
"Nam thanh niên dùng gậy gỗ đánh vào thùng hàng",vi_pham_bao_luc
"Quảng cáo mô tả cảnh rượt đuổi nguy hiểm trên đường phố",vi_pham_bao_luc
"Hai đứa trẻ tranh giành đồ chơi và đánh nhau",vi_pham_bao_luc
"Người đàn ông cầm dao chặt dưa hấu mạnh bạo trên sân khấu",vi_pham_bao_luc
"Nam diễn viên đấm vào tường để thể hiện sức mạnh",vi_pham_bao_luc
"Quảng cáo dùng cảnh bạo lực để gây chú ý cho sản phẩm",vi_pham_bao_luc
"Người đàn ông ném chai nước qua bàn trong cơn tức",vi_pham_bao_luc
"Nhân vật chính xô ngã đồng nghiệp trong đoạn hài kịch",vi_pham_bao_luc
"Cảnh đánh nhau được quay chậm để tăng kịch tính",vi_pham_bao_luc
"Nam chính đấm vào camera để kết thúc đoạn clip",vi_pham_bao_luc
"Người đàn ông cầm búa đập vỡ tường khi quảng cáo vật liệu",vi_pham_bao_luc
"Cô gái mặc váy ngắn nhảy múa trong phòng karaoke",vi_pham_nhay_cam
"Người mẫu tạo dáng uốn éo trên sân khấu ánh đèn đỏ",vi_pham_nhay_cam
"Cô gái mặc bikini ngồi bên bể bơi và cười gợi cảm",vi_pham_nhay_cam
"Nam người mẫu cởi trần trong phòng gym để khoe cơ",vi_pham_nhay_cam
"Người phụ nữ kéo dây áo xuống và nhìn vào camera",vi_pham_nhay_cam
"Cảnh quay chậm tập trung vào đôi chân khi bước đi",vi_pham_nhay_cam
"Cặp đôi hôn nhau say đắm trên bãi biển",vi_pham_nhay_cam
"Người mẫu liếm môi khi cầm sản phẩm mỹ phẩm",vi_pham_nhay_cam
"Cô gái mặc váy xuyên thấu trong buổi chụp ảnh",vi_pham_nhay_cam
"Người đàn ông kéo áo lên khoe cơ bụng",vi_pham_nhay_cam
"Người phụ nữ nằm nghiêng trên giường trong ánh đèn vàng",vi_pham_nhay_cam
"Cảnh tắm mưa với váy dính sát cơ thể",vi_pham_nhay_cam
"Người mẫu cười khẽ khi gió thổi bay váy ngắn",vi_pham_nhay_cam
"Nam người mẫu cởi áo và nhìn thẳng ống kính",vi_pham_nhay_cam
"Cô gái ngồi vắt chân và vuốt tóc chậm rãi",vi_pham_nhay_cam
"Người phụ nữ mặc đồ bó sát trong phòng tập",vi_pham_nhay_cam
"Người mẫu đứng cạnh ô tô và tạo dáng hở vai",vi_pham_nhay_cam
"Cô gái đi catwalk trong bộ đồ mỏng manh",vi_pham_nhay_cam
"Người mẫu ngả người ra ghế và nhìn gợi cảm",vi_pham_nhay_cam
"Cảnh chiếu cận vòng eo trần của người phụ nữ",vi_pham_nhay_cam
"Người đàn ông thắp nhang cầu tài trước cửa hàng",vi_pham_ton_giao
"Thầy cúng mặc áo vàng đọc thần chú trong quảng cáo",vi_pham_ton_giao
"Người phụ nữ quỳ lạy trước tượng phật để cầu bình an",vi_pham_ton_giao
"Quảng cáo chiếu cảnh lễ cúng trong chùa",vi_pham_ton_giao
"Người dẫn chương trình giới thiệu vòng đá thiêng ban phước",vi_pham_ton_giao
"Người bán nói sản phẩm đã được thầy pháp khai quang",vi_pham_ton_giao
"Clip quay cảnh gõ chuông và tụng kinh trong cửa hàng",vi_pham_ton_giao
"Người đàn ông cầm bùa đỏ và nói 'mang lại vận may'",vi_pham_ton_giao
"Người phụ nữ kể rằng bùa hộ mệnh giúp cô trúng thưởng",vi_pham_ton_giao
"MC nói tượng phật nhỏ này giúp gia đạo hưng thịnh",vi_pham_ton_giao
"Video hiển thị cảnh đốt giấy vàng mã và cúng lạy",vi_pham_ton_giao
"Người dẫn nói chỉ cần mua bùa là xua đuổi xui xẻo",vi_pham_ton_giao
"Nam diễn viên hóa thân thành pháp sư ban phước cho khách",vi_pham_ton_giao
"Quảng cáo nói sản phẩm được thỉnh từ chùa nổi tiếng",vi_pham_ton_giao
"Người đàn ông cầm tràng hạt và cầu nguyện cho thương hiệu",vi_pham_ton_giao
"Clip mô tả cảnh lễ cúng buổi sáng với nhạc chùa",vi_pham_ton_giao
"Người phụ nữ nói vòng phong thủy này được thần linh chứng nhận",vi_pham_ton_giao
"Người đàn ông nói mang vật này sẽ tránh tai họa",vi_pham_ton_giao
"MC nói đây là sản phẩm đã được khai mở tâm linh",vi_pham_ton_giao
"Người dẫn chuyện nói bùa này mang lại phước lành",vi_pham_ton_giao
"Người dẫn chương trình nói thuốc này giúp khỏi bệnh mãn tính",vi_pham_sai_lech
"Quảng cáo nói chỉ cần uống một lần là da trắng mịn",vi_pham_sai_lech
"Người mẫu nói viên uống này được chứng nhận quốc tế",vi_pham_sai_lech
"MC nói đây là bí quyết sống lâu trăm tuổi",vi_pham_sai_lech
"Quảng cáo khẳng định sản phẩm giúp mọc tóc trong 2 ngày",vi_pham_sai_lech
"Người phụ nữ nói loại kem này thay thế phẫu thuật thẩm mỹ",vi_pham_sai_lech
"Nam diễn viên nói viên thuốc giúp giảm cân thần tốc",vi_pham_sai_lech
"Người dẫn nói đây là sản phẩm duy nhất hiệu quả 100%",vi_pham_sai_lech
"MC bảo đảm hoàn tiền nếu không thấy kết quả trong 12 giờ",vi_pham_sai_lech
"Người mẫu nói đây là sản phẩm do NASA phát minh",vi_pham_sai_lech
"Người phụ nữ nói uống trà này giúp trẻ hơn 10 tuổi",vi_pham_sai_lech
"Quảng cáo tuyên bố thuốc trị dứt điểm ung thư",vi_pham_sai_lech
"MC nói chỉ cần dùng một lần là khỏi bệnh",vi_pham_sai_lech
"Người bán nói sản phẩm này được thần linh phù hộ",vi_pham_sai_lech
"Giọng đọc nói đây là thuốc được cấp phép bởi WHO",vi_pham_sai_lech
"MC nói viên uống này giúp bạn hạnh phúc mãi mãi",vi_pham_sai_lech
"Người dẫn chương trình nói sản phẩm chữa mọi bệnh ngoài da",vi_pham_sai_lech
"Người mẫu nói loại kem này thay thế bác sĩ da liễu",vi_pham_sai_lech
"Quảng cáo nói uống nước này tăng trí nhớ tức thì",vi_pham_sai_lech
"Người bán nói chỉ cần treo vòng này là tiền vào như nước",vi_pham_sai_lech
"Người phụ nữ dạy con học bài trong phòng khách",ok
"Nhân viên văn phòng cười nói trong giờ nghỉ trưa",ok
"Người đàn ông đang rửa xe trong sân nhà",ok
"Khách hàng dùng thử sản phẩm mới và gật đầu",ok
"Người mẹ nấu ăn trong căn bếp hiện đại",ok
"Cô gái đi chợ chọn cá tươi buổi sáng",ok
"Người nông dân đang gieo hạt trên ruộng",ok
"Nhân viên kỹ thuật kiểm tra thiết bị điện",ok
"Gia đình quây quần bên mâm cơm tối",ok
"Người thợ cắt tóc đang phục vụ khách",ok
"Cô gái uống trà chiều bên cửa sổ",ok
"Người cha chơi cờ với con trai nhỏ",ok
"Khách hàng nhận đơn hàng online",ok
"Người phụ nữ tập thể dục buổi sáng",ok
"Nhóm sinh viên ngồi thảo luận bài tập",ok
"Người đầu bếp bày món ăn ra bàn",ok
"Nhân viên ngân hàng mỉm cười đón khách",ok
"Người lái taxi mở cửa cho hành khách",ok
"Cô gái chăm sóc cây cảnh trong ban công",ok
"Người đàn ông đang gọi điện tư vấn bảo hiểm",ok
"Người đàn ông khui bia và nói 'uống cho sảng khoái cuộc đời'",vi_pham_ruou_bia
"Nhóm bạn cụng ly rượu vang trong buổi tiệc tất niên",vi_pham_ruou_bia
"Streamer vừa uống bia vừa trò chuyện với khán giả",vi_pham_ruou_bia
"Người phụ nữ cười lớn khi cầm ly bia trong quán bar",vi_pham_ruou_bia
"Nam diễn viên nâng ly rượu mạnh trong khung cảnh sang trọng",vi_pham_ruou_bia
"Đám đông hò hét và khui bia giữa đường phố",vi_pham_ruou_bia
"Người đàn ông uống bia trong khi lái ô tô",vi_pham_ruou_bia
"Cảnh quay cận dòng bia tràn ra bàn tiệc",vi_pham_ruou_bia
"Nam MC nói hãy uống để thành công hơn mỗi ngày",vi_pham_ruou_bia
"Bạn bè nâng ly bia trên nóc nhà lúc hoàng hôn",vi_pham_ruou_bia
"Quảng cáo bia hiển thị cảnh tiệc đêm ngoài trời",vi_pham_ruou_bia
"Người mẫu nữ cụng ly bia với người đàn ông mặc vest",vi_pham_ruou_bia
"Người đàn ông khui chai rượu và đổ ra sàn",vi_pham_ruou_bia
"Cảnh quay nam thanh niên say xỉn cười lớn",vi_pham_ruou_bia
"Người dẫn chương trình nói 'đàn ông thật sự phải biết uống'",vi_pham_ruou_bia
"Logo thương hiệu bia hiện lên cùng câu slogan 'Hãy quẩy lên!'",vi_pham_ruou_bia
"Người đàn ông ngồi vỉa hè uống rượu trắng với bạn bè",vi_pham_ruou_bia
"MC quảng cáo tiệc bia miễn phí suốt đêm",vi_pham_ruou_bia
"Người mẫu nam rót rượu lên ly trong ánh đèn vàng",vi_pham_ruou_bia
"Quảng cáo chiếu cảnh khui bia trong lễ hội âm nhạc",vi_pham_ruou_bia
"Người đàn ông cầm dao chặt mạnh vào thớt để minh họa sức mạnh",vi_pham_bao_luc
"Nam thanh niên ném điện thoại xuống sàn khi tức giận",vi_pham_bao_luc
"Người đàn ông xô ngã bạn diễn trong đoạn quảng cáo",vi_pham_bao_luc
"Cảnh quay rượt đuổi nhau bằng xe máy trên phố",vi_pham_bao_luc
"Người phụ nữ tát bạn trai trong cảnh tranh cãi",vi_pham_bao_luc
"Nam chính đấm mạnh vào bàn gỗ trong cơn giận",vi_pham_bao_luc
"Người đàn ông giật sản phẩm khỏi tay đối thủ",vi_pham_bao_luc
"Quảng cáo mô tả cảnh nổ và đổ vỡ đồ vật",vi_pham_bao_luc
"Hai người đàn ông giằng co trong cửa hàng điện máy",vi_pham_bao_luc
"Người đàn ông đập bàn phím máy tính rồi hét lớn",vi_pham_bao_luc
"Cảnh hai nhân vật đánh nhau vì món đồ giảm giá",vi_pham_bao_luc
"Người phụ nữ ném đồ trang điểm vào tường",vi_pham_bao_luc
"Nam MC cầm ghế ném ra ngoài khung hình",vi_pham_bao_luc
"Người đàn ông cầm búa đập vỡ sản phẩm đối thủ",vi_pham_bao_luc
"Hai người vật lộn trong nhà bếp để tranh phần ăn",vi_pham_bao_luc
"Người đàn ông hét to và đập tay vào tường",vi_pham_bao_luc
"Nam diễn viên đạp cửa xông vào phòng họp",vi_pham_bao_luc
"Người phụ nữ xô người khác ngã xuống ghế",vi_pham_bao_luc
"Quảng cáo dùng cảnh đánh nhau để gây cười",vi_pham_bao_luc
"Hai thanh niên rượt đuổi nhau qua khu chợ",vi_pham_bao_luc
"Cô gái mặc áo hai dây và tạo dáng trước camera",vi_pham_nhay_cam
"Người mẫu nữ nằm nghiêng trên giường trong ánh sáng mờ",vi_pham_nhay_cam
"Nam người mẫu cởi áo khoe cơ ngực trong phòng tập",vi_pham_nhay_cam
"Người phụ nữ liếm môi và nhìn gợi cảm vào ống kính",vi_pham_nhay_cam
"Cảnh quay vòng eo trần khi giới thiệu kem dưỡng da",vi_pham_nhay_cam
"Người mẫu mặc đồ xuyên thấu bước đi chậm rãi",vi_pham_nhay_cam
"Người đàn ông kéo áo lên khoe cơ bụng và cười",vi_pham_nhay_cam
"Cô gái nằm trên sofa với tư thế khiêu gợi",vi_pham_nhay_cam
"Người mẫu nữ khẽ cắn môi khi cầm sản phẩm",vi_pham_nhay_cam
"Cảnh quay chậm đôi chân người mẫu trên sàn catwalk",vi_pham_nhay_cam
"Người phụ nữ mặc bikini ngồi bên xe hơi sang trọng",vi_pham_nhay_cam
"Người mẫu nam cởi áo khoác trong ánh sáng yếu",vi_pham_nhay_cam
"Cô gái vuốt tóc và nhắm mắt đầy quyến rũ",vi_pham_nhay_cam
"Người phụ nữ mặc váy bó sát trong quảng cáo nước hoa",vi_pham_nhay_cam
"Cảnh chiếu cận môi tô son đỏ và đôi mắt khẽ nhắm",vi_pham_nhay_cam
"Nam người mẫu chụp ảnh bán thân trong phòng ngủ",vi_pham_nhay_cam
"Người phụ nữ khoe đường cong khi đi dọc bãi biển",vi_pham_nhay_cam
"Cô gái cười khẽ khi đứng dưới vòi sen",vi_pham_nhay_cam
"Người mẫu ngả người lên bàn ăn và nhìn gợi cảm",vi_pham_nhay_cam
"Cặp đôi hôn nhau trong ánh đèn hồng",vi_pham_nhay_cam
"Người đàn ông thắp nhang và cầu nguyện trước tượng thần tài",vi_pham_ton_giao
"Thầy cúng đang đọc kinh và vẩy nước lên sản phẩm",vi_pham_ton_giao
"Người bán hàng nói sản phẩm đã được khai quang tại chùa",vi_pham_ton_giao
"Clip quay cảnh đốt vàng mã trong cửa hàng",vi_pham_ton_giao
"Người phụ nữ kể đã phát tài nhờ mua vòng đá đỏ",vi_pham_ton_giao
"Người dẫn nói đây là vật phẩm mang năng lượng tâm linh",vi_pham_ton_giao
"Thầy pháp mặc áo vàng ban phép cho khách",vi_pham_ton_giao
"Người đàn ông cầu may mắn bằng cách khấn bùa",vi_pham_ton_giao
"Video chiếu cảnh gõ trống và tụng kinh trong tiệm",vi_pham_ton_giao
"Người bán nói tượng phật nhỏ này giúp kinh doanh phát đạt",vi_pham_ton_giao
"Quảng cáo giới thiệu sản phẩm 'được thỉnh từ đền thiêng'",vi_pham_ton_giao
"MC nói mang vòng này sẽ tránh mọi xui xẻo",vi_pham_ton_giao
"Người phụ nữ quỳ lạy trước bàn thờ tổ tiên",vi_pham_ton_giao
"Thầy cúng gõ chuông và khấn lớn khi quay quảng cáo",vi_pham_ton_giao
"Người bán hàng mặc đồ sư cô giới thiệu vật phẩm",vi_pham_ton_giao
"Nam diễn viên hóa thân thành thầy pháp trừ tà",vi_pham_ton_giao
"Người dẫn nói đây là sản phẩm thiêng được gia trì",vi_pham_ton_giao
"Người đàn ông kể nhờ mua bùa mà hết bệnh",vi_pham_ton_giao
"Người phụ nữ cầm bùa đỏ và nói cảm ơn thầy",vi_pham_ton_giao
"Clip quay cảnh thầy cúng làm lễ giữa cửa hàng",vi_pham_ton_giao
"Người phụ nữ nói uống trà này giúp chữa mọi bệnh",vi_pham_sai_lech
"MC tuyên bố thuốc này giúp trẻ hóa làn da chỉ sau một đêm",vi_pham_sai_lech
"Quảng cáo khẳng định viên uống giúp mọc tóc trong 24 giờ",vi_pham_sai_lech
"Người mẫu nói kem này thay thế phẫu thuật thẩm mỹ",vi_pham_sai_lech
"Người dẫn nói sản phẩm này tốt nhất thế giới",vi_pham_sai_lech
"MC bảo đảm giảm 10kg chỉ sau 3 ngày sử dụng",vi_pham_sai_lech
"Người phụ nữ nói đây là thần dược giúp trẻ mãi không già",vi_pham_sai_lech
"Người bán hét lên 'mua ngay hôm nay sẽ đổi đời!'",vi_pham_sai_lech
"Người đàn ông nói viên uống giúp tăng chiều cao 5cm trong tuần",vi_pham_sai_lech
"Clip nói sản phẩm này được bác sĩ NASA chứng nhận",vi_pham_sai_lech
"Người dẫn chương trình nói vòng phong thủy này giúp trúng số",vi_pham_sai_lech
"Quảng cáo nói thuốc này trị ung thư giai đoạn cuối",vi_pham_sai_lech
"MC nói sản phẩm đã được WHO phê duyệt dù không có chứng minh",vi_pham_sai_lech
"Người bán hàng online nói kem bôi này trị mọi loại bệnh da",vi_pham_sai_lech
"Nam diễn viên nói nước này giúp kéo dài tuổi thọ",vi_pham_sai_lech
"Người mẫu nói uống trà này giúp thông minh hơn",vi_pham_sai_lech
"MC bảo đây là sản phẩm được thần linh chứng nhận",vi_pham_sai_lech
"Người phụ nữ nói viên uống này giúp tự tin và hấp dẫn hơn",vi_pham_sai_lech
"Quảng cáo hứa tặng quà ảo tưởng nếu chia sẻ video",vi_pham_sai_lech
"MC nói đây là cơ hội duy nhất trong đời để giàu có",vi_pham_sai_lech
"Người mẹ đang cho con ăn cháo trong bếp",ok
"Nhóm bạn trẻ cùng nhau học nhóm tại thư viện",ok
"Người đàn ông sửa bóng đèn trong nhà",ok
"Cô giáo mỉm cười khi học sinh trả lời đúng",ok
"Người bán hàng online giới thiệu quần áo mùa hè",ok
"Nhân viên kỹ thuật kiểm tra điện áp tòa nhà",ok
"Người phụ nữ lau bàn ăn và bật nụ cười",ok
"Người đàn ông chạy bộ buổi sáng trong công viên",ok
"Gia đình cùng nhau ăn sáng và nói chuyện vui vẻ",ok
"Cô gái uống cà phê trong quán buổi sáng",ok
"Người cha chụp ảnh con gái tốt nghiệp",ok
"Khách hàng thử sản phẩm mới tại quầy trưng bày",ok
"Nhóm nhân viên cười nói khi hoàn thành dự án",ok
"Người phụ nữ đang gấp quần áo trong phòng ngủ",ok
"Người đầu bếp cho gia vị vào nồi lẩu",ok
"Trẻ em chơi cầu trượt ngoài sân trường",ok
"Người phụ nữ mua hoa ngoài chợ sáng",ok
"Người đàn ông mở laptop làm việc từ nhà",ok
"Khách hàng ký hợp đồng và bắt tay nhân viên",ok
"Người lái xe khách đón hành khách tại bến",ok
"Người dẫn chương trình livestream uống bia khi đang quảng cáo sản phẩm",vi_pham_ruou_bia
"Nhóm bạn trẻ hô to thương hiệu bia trong buổi tiệc ngoài trời",vi_pham_ruou_bia
"Nam ca sĩ vừa hát vừa nâng ly rượu mừng chiến thắng",vi_pham_ruou_bia
"Người đàn ông ngồi quán nhậu vỉa hè và hô 'trăm phần trăm'",vi_pham_ruou_bia
"Cảnh quay cận ly bia tràn bọt khi logo thương hiệu xuất hiện",vi_pham_ruou_bia
"Streamer mời khán giả uống bia cùng trên sóng trực tiếp",vi_pham_ruou_bia
"Người phụ nữ khui champagne giữa đám đông cổ vũ",vi_pham_ruou_bia
"Nam diễn viên uống bia khi lái mô tô ngoài phố",vi_pham_ruou_bia
"Người đàn ông rót bia cho trẻ vị thành niên trong clip",vi_pham_ruou_bia
"Quảng cáo quay cảnh tiệc nhạc EDM và mọi người cầm bia nhảy múa",vi_pham_ruou_bia
"Người mẫu cười tươi khi cụng ly bia với đồng nghiệp trong công ty",vi_pham_ruou_bia
"Đám đông khui bia và hô 'quẩy hết mình'",vi_pham_ruou_bia
"Người đàn ông nói uống bia mỗi ngày giúp thư giãn",vi_pham_ruou_bia
"Logo bia hiện trên màn hình khi người lái xe đang uống",vi_pham_ruou_bia
"Nam MC nói 'đàn ông không uống là không vui'",vi_pham_ruou_bia
"Cảnh tiệc cưới với hàng chục ly bia đầy bọt",vi_pham_ruou_bia
"Người phụ nữ cụng ly rượu vang đỏ trong buổi livestream",vi_pham_ruou_bia
"Bạn bè nâng chai bia khi xem bóng đá trong quán",vi_pham_ruou_bia
"Người mẫu nam uống rượu mạnh rồi hét lớn",vi_pham_ruou_bia
"Cảnh người say rượu cười lớn trong đoạn quảng cáo",vi_pham_ruou_bia
"Nam diễn viên đấm tay vào tường thể hiện sự tức giận",vi_pham_bao_luc
"Người đàn ông ném điện thoại xuống đất trong cơn nóng giận",vi_pham_bao_luc
"Hai người đánh nhau để giành sản phẩm khuyến mãi",vi_pham_bao_luc
"Nam chính đạp cửa và xông vào phòng làm việc",vi_pham_bao_luc
"Quảng cáo có cảnh nổ tung xe hơi để minh họa sức mạnh",vi_pham_bao_luc
"Người phụ nữ tát bạn diễn trong cảnh kịch quảng cáo",vi_pham_bao_luc
"Nam diễn viên đấm bàn làm rung cả khung cảnh",vi_pham_bao_luc
"Hai thanh niên giằng co trong siêu thị",vi_pham_bao_luc
"Người đàn ông ném ghế và hét lớn",vi_pham_bao_luc
"Nhân vật chính dùng gậy đập vỡ tường",vi_pham_bao_luc
"Người đàn ông cầm dao trong đoạn quảng cáo",vi_pham_bao_luc
"Người phụ nữ đạp cửa ra ngoài khi tức giận",vi_pham_bao_luc
"Hai người xô xát giữa đường để tranh hàng khuyến mãi",vi_pham_bao_luc
"Người đàn ông tát người khác rồi nói đó là cách dạy dỗ",vi_pham_bao_luc
"Nam chính đấm vào gương khiến vỡ nát",vi_pham_bao_luc
"Người đàn ông cầm búa đập bàn trong chương trình",vi_pham_bao_luc
"Quảng cáo mô tả cảnh xô ghế và la hét",vi_pham_bao_luc
"Hai người đàn ông vật lộn trong bếp",vi_pham_bao_luc
"Người đàn ông ném lon nước về phía người khác",vi_pham_bao_luc
"Cảnh rượt đuổi nhau qua hành lang khách sạn",vi_pham_bao_luc
"Người phụ nữ mặc váy ngắn tạo dáng trước ống kính",vi_pham_nhay_cam
"Người mẫu nam cởi trần và nhìn thẳng vào camera",vi_pham_nhay_cam
"Cô gái nằm trên ghế và vuốt tóc gợi cảm",vi_pham_nhay_cam
"Người mẫu nữ mặc áo bó sát giới thiệu nước hoa",vi_pham_nhay_cam
"Cảnh quay chậm cận vòng eo người phụ nữ",vi_pham_nhay_cam
"Người phụ nữ khẽ cắn môi khi nhìn máy quay",vi_pham_nhay_cam
"Nam người mẫu kéo áo lên khoe cơ bắp",vi_pham_nhay_cam
"Cô gái mặc bikini đỏ đi dọc bờ biển",vi_pham_nhay_cam
"Người mẫu nữ nhìn qua vai trong ánh đèn mờ",vi_pham_nhay_cam
"Nam người mẫu chụp ảnh trong phòng ngủ với ánh sáng vàng",vi_pham_nhay_cam
"Cô gái nhảy múa với động tác gợi cảm",vi_pham_nhay_cam
"Người phụ nữ tạo dáng nằm cạnh xe hơi sang",vi_pham_nhay_cam
"Cảnh chiếu cận đôi môi tô son đỏ",vi_pham_nhay_cam
"Người mẫu cười khẽ và liếm viền ly rượu",vi_pham_nhay_cam
"Người phụ nữ mặc váy xẻ cao tạo dáng bên bể bơi",vi_pham_nhay_cam
"Nam người mẫu chụp ảnh khoe cơ trong phòng gym",vi_pham_nhay_cam
"Cô gái uốn người trên sofa trong ánh sáng vàng",vi_pham_nhay_cam
"Người mẫu nữ nằm nghiêng với ánh nhìn mời gọi",vi_pham_nhay_cam
"Người phụ nữ kéo váy xuống vai khi cười",vi_pham_nhay_cam
"Cặp đôi ôm nhau dưới ánh đèn mờ ảo",vi_pham_nhay_cam
"Người đàn ông thắp nhang và khấn lớn trong cửa hàng",vi_pham_ton_giao
"Thầy cúng đang vẩy nước và đọc thần chú",vi_pham_ton_giao
"Người bán nói vòng đá đã được khai quang bởi sư thầy",vi_pham_ton_giao
"Clip quay cảnh cúng tổ tiên trong cửa tiệm",vi_pham_ton_giao
"Người phụ nữ cầm bùa đỏ và nói giúp phát tài",vi_pham_ton_giao
"MC nói sản phẩm được gia trì tại chùa thiêng",vi_pham_ton_giao
"Người đàn ông cầu nguyện trước tượng phật",vi_pham_ton_giao
"Quảng cáo chiếu cảnh tụng kinh và gõ chuông",vi_pham_ton_giao
"Người dẫn nói vật phẩm này mang năng lượng tâm linh",vi_pham_ton_giao
"Người phụ nữ kể được thần phù hộ sau khi mua hàng",vi_pham_ton_giao
"Clip hiển thị cảnh lễ cúng với nhạc nền chùa",vi_pham_ton_giao
"Người bán nói bùa hộ mệnh này giúp tránh tai họa",vi_pham_ton_giao
"Thầy pháp ban phép lành cho người mua hàng",vi_pham_ton_giao
"Người đàn ông mặc áo cà sa và khấn trong tiệm vàng",vi_pham_ton_giao
"MC nói mang theo bùa này sẽ tránh mọi xui xẻo",vi_pham_ton_giao
"Người phụ nữ gật đầu khi nghe thầy tụng kinh",vi_pham_ton_giao
"Người dẫn nói sản phẩm được thỉnh từ đền nổi tiếng",vi_pham_ton_giao
"Nam diễn viên cầm tràng hạt và nói cầu bình an",vi_pham_ton_giao
"Người bán nói sản phẩm được khai mở năng lượng",vi_pham_ton_giao
"Người đàn ông làm lễ cúng ban thần tài",vi_pham_ton_giao
"Người dẫn chương trình nói thuốc này giúp khỏi mọi bệnh",vi_pham_sai_lech
"MC nói viên uống này trẻ hóa 20 tuổi chỉ sau 1 tuần",vi_pham_sai_lech
"Người mẫu nói nước này giúp giảm 10kg trong 3 ngày",vi_pham_sai_lech
"Quảng cáo khẳng định thuốc chữa ung thư giai đoạn cuối",vi_pham_sai_lech
"Người dẫn nói sản phẩm được NASA chứng nhận",vi_pham_sai_lech
"MC bảo đảm hiệu quả 100% không cần kiểm chứng",vi_pham_sai_lech
"Người bán nói bùa phong thủy giúp trúng số độc đắc",vi_pham_sai_lech
"Người mẫu nói uống trà này sẽ thông minh hơn",vi_pham_sai_lech
"Clip nói thuốc giúp mọc tóc trong 24 giờ",vi_pham_sai_lech
"MC nói đây là cơ hội duy nhất trong đời để đổi đời",vi_pham_sai_lech
"Người dẫn nói kem này thay thế phẫu thuật thẩm mỹ",vi_pham_sai_lech
"Quảng cáo nói viên uống giúp kéo dài tuổi thọ",vi_pham_sai_lech
"Người phụ nữ nói uống nước này giúp hạnh phúc mãi mãi",vi_pham_sai_lech
"MC bảo đảm hoàn tiền gấp đôi nếu không thấy hiệu quả",vi_pham_sai_lech
"Người bán hét lên 'mua ngay hôm nay để đổi vận!'",vi_pham_sai_lech
"Người mẫu nói vòng phong thủy giúp thu hút tiền tài",vi_pham_sai_lech
"MC nói sản phẩm này giúp chữa được cả bệnh tim",vi_pham_sai_lech
"Người dẫn chương trình nói thuốc giúp nhớ lâu hơn",vi_pham_sai_lech
"Quảng cáo nói viên uống làm trắng da tuyệt đối an toàn",vi_pham_sai_lech
"Người mẫu nói sản phẩm được bác sĩ Mỹ khuyên dùng",vi_pham_sai_lech
"Người mẹ dạy con học trong phòng khách buổi tối",ok
"Nhân viên lễ tân mỉm cười chào khách vào khách sạn",ok
"Người đàn ông mở cửa xe cho vợ con",ok
"Người bán hàng đưa túi quà cho khách hàng lớn tuổi",ok
"Cô giáo đang giảng bài trong lớp học",ok
"Người phụ nữ đang tưới cây trong vườn nhà",ok
"Khách hàng mở hộp quà và cười rạng rỡ",ok
"Người cha hướng dẫn con sửa xe đạp",ok
"Nhân viên ngân hàng đang tư vấn khách hàng",ok
"Người thợ đang sơn tường trong căn hộ mới",ok
"Cô gái uống cà phê và làm việc với laptop",ok
"Nhân viên giao hàng đang đưa gói đồ cho khách",ok
"Gia đình đang xem tivi buổi tối",ok
"Người mẹ đang nấu ăn trong căn bếp sáng",ok
"Nhân viên kỹ thuật kiểm tra ống nước",ok
"Người phụ nữ mua hoa trong chợ sáng",ok
"Nhóm bạn trẻ ngồi trò chuyện trong quán trà sữa",ok
"Người đàn ông cắt tóc cho khách tại tiệm",ok
"Người lái xe khách đang dừng ở bến",ok
"Trẻ em chơi đùa trong sân trường với bóng bay",ok
"Streamer cụng ly bia cùng khán giả trong buổi phát trực tiếp",vi_pham_ruou_bia
"Người đàn ông uống rượu vang trong hội nghị công ty",vi_pham_ruou_bia
"Quảng cáo bia mô tả cảnh tiệc hồ bơi ban đêm",vi_pham_ruou_bia
"Nam diễn viên khui bia và hô to thương hiệu",vi_pham_ruou_bia
"Người phụ nữ cụng ly rượu với đồng nghiệp trong văn phòng",vi_pham_ruou_bia
"Nhóm bạn trẻ uống bia tại quán bar đông người",vi_pham_ruou_bia
"Streamer uống bia trong lúc chơi game trực tiếp",vi_pham_ruou_bia
"Cảnh quay cận ly bia bọt tràn khi tiếng nhạc nổi lên",vi_pham_ruou_bia
"Người đàn ông nâng ly rượu vang trong nhà hàng sang trọng",vi_pham_ruou_bia
"Nam MC nói 'mỗi ngày một lon để vui hơn'",vi_pham_ruou_bia
"Quảng cáo bia xuất hiện trong bữa tiệc sinh nhật",vi_pham_ruou_bia
"Đám đông khui bia khi xem bóng đá",vi_pham_ruou_bia
"Nam diễn viên uống bia và hét to khẩu hiệu thương hiệu",vi_pham_ruou_bia
"Người phụ nữ uống champagne trong phòng ngủ",vi_pham_ruou_bia
"Nam người mẫu uống bia khi đang lái xe máy",vi_pham_ruou_bia
"Quảng cáo nói 'uống để giải tỏa căng thẳng'",vi_pham_ruou_bia
"Người đàn ông cầm chai bia đi trên đường phố",vi_pham_ruou_bia
"Nam ca sĩ uống bia sau buổi biểu diễn",vi_pham_ruou_bia
"Logo thương hiệu bia hiện lên giữa cảnh tiệc ngoài trời",vi_pham_ruou_bia
"Người đàn ông rót bia cho bạn trong lúc livestream",vi_pham_ruou_bia
"Người đàn ông đấm mạnh vào tường vì tức giận",vi_pham_bao_luc
"Hai người xô xát trong quán cà phê",vi_pham_bao_luc
"Nam diễn viên đạp bàn và hét lớn trong quảng cáo",vi_pham_bao_luc
"Người phụ nữ ném chai nước vào bạn diễn",vi_pham_bao_luc
"Cảnh rượt đuổi xe hơi tốc độ cao",vi_pham_bao_luc
"Hai người đánh nhau trong cửa hàng tạp hóa",vi_pham_bao_luc
"Nam MC đập vỡ bàn kính để gây ấn tượng",vi_pham_bao_luc
"Người đàn ông đá cửa ra khỏi phòng họp",vi_pham_bao_luc
"Nam diễn viên hất đồ ăn xuống bàn khi tức giận",vi_pham_bao_luc
"Người phụ nữ xô người khác ngã trong đoạn clip",vi_pham_bao_luc
"Quảng cáo game sử dụng cảnh đánh nhau bạo lực",vi_pham_bao_luc
"Hai thanh niên cãi nhau và ném đồ trong quán",vi_pham_bao_luc
"Nam chính giơ nắm đấm vào mặt đối thủ",vi_pham_bao_luc
"Người đàn ông đập tivi khi thua game",vi_pham_bao_luc
"Người phụ nữ đập cửa sổ để thể hiện sự mạnh mẽ",vi_pham_bao_luc
"Nam diễn viên cầm dao trong tay và cười",vi_pham_bao_luc
"Người đàn ông húc vai người khác trong thang máy",vi_pham_bao_luc
"Nam thanh niên dùng gậy đánh vào tường trong quảng cáo",vi_pham_bao_luc
"Quảng cáo mô tả cảnh đánh nhau bằng hiệu ứng chớp sáng",vi_pham_bao_luc
"Hai người đàn ông xô đẩy trong siêu thị",vi_pham_bao_luc
"Cô gái mặc váy bó sát chụp ảnh trong studio",vi_pham_nhay_cam
"Người mẫu nữ tạo dáng trên giường với ánh sáng mờ",vi_pham_nhay_cam
"Nam người mẫu cởi áo khoe cơ bắp trên bãi biển",vi_pham_nhay_cam
"Người phụ nữ liếm môi khi cầm chai nước hoa",vi_pham_nhay_cam
"Cô gái mặc bikini xanh đi dọc bờ hồ",vi_pham_nhay_cam
"Người mẫu nam nằm nghiêng trên giường nhìn camera",vi_pham_nhay_cam
"Người phụ nữ kéo dây váy và cười khẽ",vi_pham_nhay_cam
"Cảnh quay cận đôi chân người mẫu bước đi chậm rãi",vi_pham_nhay_cam
"Người mẫu cười nhẹ khi đứng trước gương bán thân",vi_pham_nhay_cam
"Cô gái mặc áo xuyên thấu trong buổi chụp hình",vi_pham_nhay_cam
"Nam người mẫu chụp ảnh trong phòng ngủ ánh sáng đỏ",vi_pham_nhay_cam
"Cô gái uốn người bên cạnh xe hơi",vi_pham_nhay_cam
"Người phụ nữ khẽ nhắm mắt và vuốt tóc",vi_pham_nhay_cam
"Cảnh quay chậm tập trung vào vòng eo người mẫu",vi_pham_nhay_cam
"Người mẫu nữ ngồi trên giường nhìn đầy ẩn ý",vi_pham_nhay_cam
"Nam người mẫu khoác khăn tắm quanh hông",vi_pham_nhay_cam
"Người phụ nữ cười gợi cảm trong bồn tắm",vi_pham_nhay_cam
"Người mẫu nữ tạo dáng trong váy ngắn xẻ cao",vi_pham_nhay_cam
"Cô gái nằm trên ghế và vuốt ve sản phẩm",vi_pham_nhay_cam
"Cặp đôi ôm nhau trên bãi biển",vi_pham_nhay_cam
"Người đàn ông thắp nhang và lẩm nhẩm khấn cầu",vi_pham_ton_giao
"Thầy cúng đang rải gạo và đốt giấy vàng mã",vi_pham_ton_giao
"Người bán nói bùa may mắn này giúp trúng thưởng",vi_pham_ton_giao
"MC nói vật phẩm phong thủy đã được khai quang",vi_pham_ton_giao
"Clip quay cảnh lễ cúng thần tài trong tiệm vàng",vi_pham_ton_giao
"Người phụ nữ cầu nguyện trước tượng phật và cười",vi_pham_ton_giao
"Thầy pháp nói sản phẩm mang năng lượng tâm linh",vi_pham_ton_giao
"Người bán hàng nói vòng đá này đã được trì chú",vi_pham_ton_giao
"Người đàn ông đặt tay lên bàn thờ khi quảng bá sản phẩm",vi_pham_ton_giao
"MC nói bùa này giúp buôn may bán đắt",vi_pham_ton_giao
"Clip quay cảnh tụng kinh trong cửa hàng",vi_pham_ton_giao
"Người phụ nữ mặc áo sư cô giới thiệu hàng",vi_pham_ton_giao
"Người đàn ông gõ chuông và khấn cho khách",vi_pham_ton_giao
"Người dẫn nói vật phẩm giúp đổi vận may",vi_pham_ton_giao
"Người bán nói tượng phật nhỏ này bảo vệ gia đình",vi_pham_ton_giao
"Thầy cúng làm lễ cầu tài trong nhà hàng",vi_pham_ton_giao
"Người dẫn nói sản phẩm được ban phước từ chùa",vi_pham_ton_giao
"Người phụ nữ cầm tràng hạt và nói cảm tạ thần linh",vi_pham_ton_giao
"Clip quay cảnh ban thánh nước cho khách hàng",vi_pham_ton_giao
"Người đàn ông kể đã trúng số sau khi mua vòng đá",vi_pham_ton_giao
"MC nói viên thuốc này chữa khỏi mọi loại bệnh",vi_pham_sai_lech
"Người phụ nữ nói kem này thay thế phẫu thuật da liễu",vi_pham_sai_lech
"Người dẫn chương trình nói thuốc giúp mọc tóc trong ngày",vi_pham_sai_lech
"MC bảo đảm giảm cân nhanh không cần tập",vi_pham_sai_lech
"Người bán nói vòng phong thủy hút tiền tài ngay lập tức",vi_pham_sai_lech
"Quảng cáo tuyên bố sản phẩm giúp khỏi ung thư",vi_pham_sai_lech
"Người phụ nữ nói viên uống giúp trẻ mãi không già",vi_pham_sai_lech
"MC nói nước này tăng cường trí nhớ và thu nhập",vi_pham_sai_lech
"Người dẫn nói thuốc đã được bác sĩ NASA kiểm nghiệm",vi_pham_sai_lech
"Người mẫu nói đây là cơ hội đổi đời duy nhất",vi_pham_sai_lech
"Quảng cáo nói uống trà này giúp thông minh vượt trội",vi_pham_sai_lech
"Người bán hét lên mua ngay để thay đổi số phận",vi_pham_sai_lech
"MC nói viên uống giúp mọc tóc vĩnh viễn",vi_pham_sai_lech
"Người phụ nữ nói kem bôi trị bệnh xương khớp",vi_pham_sai_lech
"Người dẫn nói thuốc này đã được thần linh chứng nhận",vi_pham_sai_lech
"MC bảo uống sản phẩm này giúp may mắn cả năm",vi_pham_sai_lech
"Người mẫu nói uống viên này da sáng như ngọc",vi_pham_sai_lech
"Người bán nói sản phẩm chữa được cả bệnh tim mạch",vi_pham_sai_lech
"Quảng cáo khẳng định ai dùng cũng thành công",vi_pham_sai_lech
"MC nói sản phẩm được cấp phép toàn cầu dù không bằng chứng",vi_pham_sai_lech
"Người mẹ nấu ăn cho gia đình trong căn bếp sạch sẽ",ok
"Nhóm bạn trẻ cùng học nhóm tại quán cà phê",ok
"Người đàn ông đang rửa xe trước nhà",ok
"Người phụ nữ mua rau củ trong siêu thị",ok
"Cô gái mở laptop làm việc tại văn phòng",ok
"Người nông dân thu hoạch lúa trên cánh đồng",ok
"Nhân viên giao hàng trao bưu phẩm cho khách",ok
"Gia đình ngồi xem tivi buổi tối",ok
"Người cha dạy con cách gấp áo quần",ok
"Người phụ nữ tưới cây cảnh trên ban công",ok
"Người bán hàng đang sắp xếp kệ sản phẩm",ok
"Cô gái đang đọc sách trong thư viện",ok
"Người đầu bếp trang trí món ăn trong nhà hàng",ok
"Người mẹ ôm con nhỏ trong công viên",ok
"Nhân viên ngân hàng tư vấn khách hàng",ok
"Người kỹ sư kiểm tra dây điện trong nhà máy",ok
"Nhóm đồng nghiệp bắt tay chúc mừng thành công",ok
"Người lái xe bus dừng lại đón khách",ok
"Trẻ em chơi đá bóng ngoài sân",ok
"Nam ca sĩ cầm ly bia và nói chúc mừng thành công",vi_pham_ruou_bia
"Người đàn ông khui bia trên sân thượng giữa đêm",vi_pham_ruou_bia
"Nhóm bạn cụng ly bia trong quán karaoke",vi_pham_ruou_bia
"Người phụ nữ rót rượu vang đỏ vào ly và mỉm cười",vi_pham_ruou_bia
"Cảnh quay bàn tiệc đầy bia và tiếng cười nói",vi_pham_ruou_bia
"Streamer vừa uống bia vừa giới thiệu sản phẩm",vi_pham_ruou_bia
"Người đàn ông cầm chai bia khi đang xem bóng đá",vi_pham_ruou_bia
"Nam diễn viên uống bia khi lái ô tô",vi_pham_ruou_bia
"Người mẫu nữ cầm ly rượu tạo dáng trong buổi chụp hình",vi_pham_ruou_bia
"Quảng cáo bia với cảnh bọt tràn và ánh sáng sôi động",vi_pham_ruou_bia
"MC nói uống bia giúp gắn kết tình bạn",vi_pham_ruou_bia
"Người đàn ông uống bia giữa đường phố đông người",vi_pham_ruou_bia
"Nam MC cụng ly bia với đồng nghiệp trong buổi họp báo",vi_pham_ruou_bia
"Clip hiển thị cảnh tiệc hồ bơi với ly bia trên tay",vi_pham_ruou_bia
"Người phụ nữ mở champagne và hô 'Cheers!'",vi_pham_ruou_bia
"Nam ca sĩ khui bia khi đứng trên sân khấu",vi_pham_ruou_bia
"Quảng cáo rượu với câu slogan 'Đàn ông bản lĩnh phải uống'",vi_pham_ruou_bia
"Cảnh tiệc cưới với hàng chục ly bia tràn bọt",vi_pham_ruou_bia
"Streamer nhấp ngụm bia và nói 'chất lượng thật sự'",vi_pham_ruou_bia
"Người đàn ông mời khán giả uống bia cùng",vi_pham_ruou_bia
"Nam diễn viên ném điện thoại xuống đất vì tức giận",vi_pham_bao_luc
"Hai người đánh nhau trong quán ăn",vi_pham_bao_luc
"Nam thanh niên cầm gậy gỗ xông vào đối thủ",vi_pham_bao_luc
"Người phụ nữ ném đồ vào bạn diễn khi cãi nhau",vi_pham_bao_luc
"Nam MC đập bàn kính trong lúc tranh luận",vi_pham_bao_luc
"Hai thanh niên vật lộn giữa đường phố",vi_pham_bao_luc
"Người đàn ông hét to và đấm vào tường",vi_pham_bao_luc
"Quảng cáo trò chơi có cảnh nổ súng và cháy nổ",vi_pham_bao_luc
"Nam chính hất ly nước vào mặt người khác",vi_pham_bao_luc
"Người đàn ông đấm vỡ gương trong cơn giận",vi_pham_bao_luc
"Hai người đàn ông xô xát trong phòng gym",vi_pham_bao_luc
"Người phụ nữ tát chồng trong quảng cáo gia đình",vi_pham_bao_luc
"Quảng cáo mô tả cảnh chiến đấu giữa hai người",vi_pham_bao_luc
"Người đàn ông ném ghế ra khỏi khung hình",vi_pham_bao_luc
"Hai người cãi nhau lớn tiếng trong nhà hàng",vi_pham_bao_luc
"Người đàn ông đá cửa khi bị từ chối",vi_pham_bao_luc
"Cảnh rượt đuổi bằng xe máy trong quảng cáo",vi_pham_bao_luc
"Nam diễn viên đập phá đồ đạc trong nhà",vi_pham_bao_luc
"Người phụ nữ hét lên và ném chai nước",vi_pham_bao_luc
"Nam chính dùng dao chém xuống bàn",vi_pham_bao_luc
"Người mẫu mặc váy ngắn chụp ảnh bên hồ bơi",vi_pham_nhay_cam
"Cô gái mặc áo hai dây tạo dáng trước gương",vi_pham_nhay_cam
"Người mẫu nữ vuốt tóc và cười gợi cảm",vi_pham_nhay_cam
"Cảnh quay chậm đôi chân người mẫu bước lên cầu thang",vi_pham_nhay_cam
"Nam người mẫu cởi áo khoe cơ bắp trong phòng tập",vi_pham_nhay_cam
"Người phụ nữ liếm môi trong khi giới thiệu nước hoa",vi_pham_nhay_cam
"Cảnh quay cận vòng eo và tay cầm sản phẩm",vi_pham_nhay_cam
"Người phụ nữ mặc váy bó sát tạo dáng cạnh xe hơi",vi_pham_nhay_cam
"Người mẫu nữ ngả người lên bàn ăn",vi_pham_nhay_cam
"Cô gái cười khẽ trong ánh sáng mờ",vi_pham_nhay_cam
"Người phụ nữ nhắm mắt và khẽ cắn môi",vi_pham_nhay_cam
"Cô gái mặc váy xuyên thấu đi catwalk",vi_pham_nhay_cam
"Người phụ nữ tạo dáng bên cửa sổ với ánh sáng nhẹ",vi_pham_nhay_cam
"Cặp đôi hôn nhau trong ánh đèn màu tím",vi_pham_nhay_cam
"Người mẫu nữ kéo váy xuống vai và cười",vi_pham_nhay_cam
"Nam người mẫu cởi áo trong studio",vi_pham_nhay_cam
"Cô gái đứng trên giường trong tư thế khiêu gợi",vi_pham_nhay_cam
"Người đàn ông cầu tài trước bàn thờ",vi_pham_ton_giao
"Thầy cúng khấn vái và gõ chuông trong video",vi_pham_ton_giao
"Người bán nói sản phẩm được khai quang tại chùa",vi_pham_ton_giao
"MC giới thiệu vòng đá được trì chú từ sư thầy",vi_pham_ton_giao
"Clip quay cảnh đốt nhang và cầu nguyện",vi_pham_ton_giao
"Người dẫn nói sản phẩm chứa năng lượng tâm linh",vi_pham_ton_giao
"Người bán nói tượng phật nhỏ mang lại may mắn",vi_pham_ton_giao
"Thầy pháp làm lễ cúng và ban phép lành",vi_pham_ton_giao
"Người phụ nữ kể chuyện linh nghiệm sau khi mua vòng",vi_pham_ton_giao
"Người đàn ông mặc áo cà sa tụng kinh trong cửa hàng",vi_pham_ton_giao
"MC nói sản phẩm được ban phước bởi thần linh",vi_pham_ton_giao
"Clip có cảnh thắp nến và gõ mõ trong tiệm",vi_pham_ton_giao
"Người bán nói đây là vật phẩm mang năng lượng dương",vi_pham_ton_giao
"Người phụ nữ cúi đầu khấn vái khi giới thiệu sản phẩm",vi_pham_ton_giao
"Người đàn ông cầu nguyện trước tượng thần tài",vi_pham_ton_giao
"MC nói uống trà này giúp khỏi bệnh mãn tính",vi_pham_sai_lech
"Người mẫu nói viên uống giúp trắng da trong 2 ngày",vi_pham_sai_lech
"MC nói kem này thay thế phẫu thuật thẩm mỹ",vi_pham_sai_lech
"Người bán nói trà giảm cân hiệu quả 100%",vi_pham_sai_lech
"Người dẫn nói thuốc được NASA kiểm chứng",vi_pham_sai_lech
"MC tuyên bố uống nước này giúp thông minh hơn",vi_pham_sai_lech
"Người mẫu nói vòng phong thủy hút tiền tài",vi_pham_sai_lech
"Clip quảng bá thuốc tăng chiều cao trong 1 tuần",vi_pham_sai_lech
"Người bán nói sản phẩm được thần linh chứng nhận",vi_pham_sai_lech
"MC khẳng định đây là cơ hội đổi đời duy nhất",vi_pham_sai_lech
"Người phụ nữ nói viên uống giúp chữa mọi bệnh",vi_pham_sai_lech
"Người mẫu cười và nói sản phẩm thay đổi cuộc sống",vi_pham_sai_lech
"Quảng cáo khẳng định hiệu quả tức thì",vi_pham_sai_lech
"Người bán hét lên 'dùng thử sẽ nghiện!'",vi_pham_sai_lech
"MC nói ai cũng phải có một cái nếu muốn giàu",vi_pham_sai_lech
"Người dẫn chương trình nói kem này trị mọi bệnh da",vi_pham_sai_lech
"Quảng cáo nói uống nước này kéo dài tuổi thọ",vi_pham_sai_lech
"MC bảo đảm hoàn tiền nếu không thấy hiệu quả",vi_pham_sai_lech
"Người phụ nữ nói sản phẩm tốt nhất hành tinh",vi_pham_sai_lech
"Người cha dạy con tô màu trong phòng khách",ok
"Người mẹ đang nấu ăn trong căn bếp sạch sẽ",ok
"Nhân viên giao hàng trao gói hàng cho khách",ok
"Cô giáo giảng bài trước lớp học",ok
"Người nông dân gặt lúa trên cánh đồng",ok
"Khách hàng thử quần áo tại cửa hàng",ok
"Người kỹ sư kiểm tra máy móc trong nhà xưởng",ok
"Nhóm nhân viên làm việc chung trong văn phòng",ok
"Gia đình đang ăn tối vui vẻ",ok
"Người phụ nữ lau bàn ăn trong nhà hàng",ok
"Cô gái mở laptop và gõ bàn phím",ok
"Người đàn ông sửa xe máy cho khách",ok
"Trẻ em chơi cầu trượt ngoài sân",ok
"Người đầu bếp cắt rau trong bếp",ok
"Nhân viên siêu thị sắp xếp hàng hóa",ok
"Người mẹ ôm con nhỏ ngoài công viên",ok
"Người phụ nữ mua hoa buổi sáng",ok
"Người đàn ông đọc báo trong quán cà phê",ok
"Nhóm bạn chụp ảnh kỷ niệm tốt nghiệp",ok
"Người lái xe buýt mỉm cười chào khách",ok
"Người đàn ông ngồi nhậu vỉa hè và nâng chai bia trước ống kính",vi_pham_ruou_bia
"Streamer vừa uống bia vừa kêu gọi khán giả đặt hàng",vi_pham_ruou_bia
"Nhóm bạn trẻ khui bia và reo hò giữa phố đi bộ buổi tối",vi_pham_ruou_bia
"Người phụ nữ cầm ly rượu vang đỏ và cười vào camera",vi_pham_ruou_bia
"Nam diễn viên uống bia khi đang chạy xe máy ngoài đường",vi_pham_ruou_bia
"Quảng cáo quay cảnh bọt bia trào ra khỏi ly trong tiếng nhạc lớn",vi_pham_ruou_bia
"Người đàn ông nói uống mỗi tối cho thoải mái đầu óc",vi_pham_ruou_bia
"Bạn bè cụng ly bia trong văn phòng và chúc mừng hợp đồng mới",vi_pham_ruou_bia
"Nam MC cầm chai bia nói đây là bí quyết để giải tress",vi_pham_ruou_bia
"Người phụ nữ rót rượu mạnh vào ly thủy tinh rồi nâng cốc",vi_pham_ruou_bia
"Cảnh tiệc sinh nhật có bánh kem và rất nhiều lon bia trên bàn",vi_pham_ruou_bia
"Người đàn ông ôm chai rượu lớn và cười gắt gỏng",vi_pham_ruou_bia
"Đám đông mặc áo công ty cụng ly bia trong buổi team building",vi_pham_ruou_bia
"Người dẫn chương trình nói uống bia này là đàn ông đích thực",vi_pham_ruou_bia
"Nhân vật chính uống rượu trắng rồi vỗ vai bạn rất mạnh",vi_pham_ruou_bia
"Nam ca sĩ uống bia rồi hét tên thương hiệu trên sân khấu",vi_pham_ruou_bia
"Cô gái cầm ly cocktail đầy cồn và nh wink vào máy quay",vi_pham_ruou_bia
"Nhóm bạn trai ôm vai nhau và cầm bia khi xem bóng đá",vi_pham_ruou_bia
"Người đàn ông dựa vào xe hơi, tay cầm lon bia còn mở nắp",vi_pham_ruou_bia
"Cảnh quay bàn nhậu đầy chai rượu, mọi người hô dô dô dô",vi_pham_ruou_bia
"Nam thanh niên đấm thẳng vào mặt bạn trong cảnh gây cười",vi_pham_bao_luc
"Hai người đàn ông nhào vào vật nhau giữa siêu thị đông người",vi_pham_bao_luc
"Người phụ nữ ném cái ly thẳng vào chồng rồi bỏ đi",vi_pham_bao_luc
"Nam diễn viên giựt cổ áo đối thủ và gầm lên",vi_pham_bao_luc
"Người đàn ông đập bàn thật mạnh làm đồ đạc văng tung tóe",vi_pham_bao_luc
"Quảng cáo mô tả cảnh rượt đuổi bằng xe máy trong hẻm nhỏ",vi_pham_bao_luc
"Hai thanh niên cầm ghế chĩa vào nhau như chuẩn bị đánh lộn",vi_pham_bao_luc
"Nam chính tung cú đá xoay vào bụng đối thủ trong cửa hàng",vi_pham_bao_luc
"Người đàn ông giơ nắm đấm sát mặt người khác để đe dọa",vi_pham_bao_luc
"Đoạn clip quay cảnh tát thẳng mặt với hiệu ứng âm thanh to",vi_pham_bao_luc
"Người phụ nữ đập nắp nồi ầm ầm và la hét vào mặt chồng",vi_pham_bao_luc
"Nam MC ném chiếc ghế nhựa ra khỏi khung hình",vi_pham_bao_luc
"Hai cô gái túm tóc nhau và ngã xuống sàn",vi_pham_bao_luc
"Người đàn ông đá cửa xe hơi và chửi bới",vi_pham_bao_luc
"Nhân vật chính tông vai cực mạnh vào người qua đường",vi_pham_bao_luc
"Cảnh đập vỡ tivi để minh họa sự tức giận",vi_pham_bao_luc
"Nam diễn viên đập chai thủy tinh xuống bàn",vi_pham_bao_luc
"Hai người tranh nhau chiếc hộp quà rồi xô đẩy tới ngã",vi_pham_bao_luc
"Người đàn ông ép đối phương vào tường và gằn giọng",vi_pham_bao_luc
"Quảng cáo dùng cảnh cháy nổ và đánh nhau như phim hành động",vi_pham_bao_luc
"Cô gái mặc váy ôm sát đứng xoay người chậm rãi trước ống kính",vi_pham_nhay_cam
"Người mẫu nữ nằm trên giường với áo hai dây mỏng và cười nhẹ",vi_pham_nhay_cam
"Nam người mẫu cởi áo khoe cơ bụng sáu múi trong phòng tập",vi_pham_nhay_cam
"Người phụ nữ kéo khóa váy từ từ trong ánh đèn đỏ",vi_pham_nhay_cam
"Cô gái mặc bikini tạo dáng sát mép hồ bơi",vi_pham_nhay_cam
"Người mẫu nam chỉ quấn khăn tắm ngang hông và nhìn thẳng camera",vi_pham_nhay_cam
"Người phụ nữ ngồi vắt chân cao trên ghế sofa và vuốt tóc",vi_pham_nhay_cam
"Cảnh quay cận vòng eo và hông người mẫu nữ khi giới thiệu kem dưỡng",vi_pham_nhay_cam
"Người mẫu liếm môi và áp chai nước hoa lên cổ",vi_pham_nhay_cam
"Nam người mẫu hạ áo xuống để lộ ngực và mỉm cười",vi_pham_nhay_cam
"Cô gái nằm nghiêng, tóc xõa xuống vai, nhìn đầy ẩn ý",vi_pham_nhay_cam
"Người phụ nữ mặc váy xẻ cao đứng cạnh xe thể thao",vi_pham_nhay_cam
"Người mẫu nữ cúi người về phía camera và mỉm cười gợi cảm",vi_pham_nhay_cam
"Cảnh quay chậm đôi môi tô son đỏ khẽ hé mở",vi_pham_nhay_cam
"Nam người mẫu dựa lưng vào giường với ánh đèn vàng ấm",vi_pham_nhay_cam
"Cô gái kéo dây áo khỏi vai rồi cười khẽ",vi_pham_nhay_cam
"Người mẫu nữ dang tay ôm cổ bạn nam trong tư thế gần gũi",vi_pham_nhay_cam
"Người phụ nữ khoe đường cong cơ thể trong bộ đồ bó sát",vi_pham_nhay_cam
"Người mẫu nam ôm eo người mẫu nữ trên giường khách sạn",vi_pham_nhay_cam
"Cặp đôi hôn nhau chậm rãi trong phòng tối",vi_pham_nhay_cam
"Thầy cúng đang đốt nhang và khấn gọi tài lộc cho cửa hàng vàng",vi_pham_ton_giao
"Người đàn ông mặc áo thầy pháp lắc chuông và đọc thần chú",vi_pham_ton_giao
"Người bán hàng giơ bùa đỏ và nói đây là bùa may mắn đã trì chú",vi_pham_ton_giao
"MC nói chiếc vòng này đã được khai quang ở chùa linh thiêng",vi_pham_ton_giao
"Cảnh quay bàn thờ thần tài với nhang khói nghi ngút",vi_pham_ton_giao
"Người phụ nữ kể rằng từ ngày đeo vòng phong thủy thì bán đắt như tôm tươi",vi_pham_ton_giao
"Người đàn ông chắp tay khấn trước tượng phật rồi quay sang giới thiệu sản phẩm",vi_pham_ton_giao
"Livestream cho thấy thầy pháp chạm bùa lên trán khách để nhận phước",vi_pham_ton_giao
"Người dẫn chương trình nói đây là vật phẩm đã được thầy mở mắt tâm linh",vi_pham_ton_giao
"Người phụ nữ quỳ trước bàn thờ, tay cầm sản phẩm và cầu bình an",vi_pham_ton_giao
"Người bán khẳng định chỉ ai có duyên mới mua được món này",vi_pham_ton_giao
"MC nói mua lá bùa này thì tai nạn sẽ tránh xa",vi_pham_ton_giao
"Người đàn ông mặc áo cà sa gật đầu ban phước cho vật phẩm",vi_pham_ton_giao
"Cảnh gieo quẻ xin lộc trong khi giới thiệu sản phẩm phong thủy",vi_pham_ton_giao
"Người phụ nữ cầm tượng thần tài và nói nhờ ổng mà trúng mối lớn",vi_pham_ton_giao
"MC nói ai mang theo vật này sẽ phát tài trong vòng 7 ngày",vi_pham_ton_giao
"Người bán livestream gọi đây là hàng đã được thần linh chứng thực",vi_pham_ton_giao
"Người dẫn hứa mang lại bình an tâm linh khi mua gói dịch vụ này",vi_pham_ton_giao
"Clip quay bàn lễ cúng giữa đêm ngoài sân nhà",vi_pham_ton_giao
"Người phụ nữ rót nước lên bùa và nói kích hoạt may mắn",vi_pham_ton_giao
"Người bán hét lên viên uống này giúp giảm mỡ bụng chỉ sau một đêm",vi_pham_sai_lech
"MC khẳng định thuốc này chữa khỏi đau lưng mãn tính vĩnh viễn",vi_pham_sai_lech
"Người mẫu nói chỉ cần uống trà này là trẻ ra mười tuổi",vi_pham_sai_lech
"Quảng cáo tuyên bố sản phẩm ngăn ngừa ung thư hoàn toàn",vi_pham_sai_lech
"Người dẫn nói uống nước này thông minh hơn và kiếm tiền giỏi hơn",vi_pham_sai_lech
"Livestream nói đây là cơ hội đổi đời duy nhất trong năm",vi_pham_sai_lech
"Người phụ nữ bảo kem bôi này thay thế phẫu thuật thẩm mỹ",vi_pham_sai_lech
"MC nói viên uống đã được NASA chứng nhận chất lượng",vi_pham_sai_lech
"Người bán nói đảm bảo tăng chiều cao kể cả người lớn tuổi",vi_pham_sai_lech
"Quảng cáo hứa hoàn tiền gấp đôi nếu không đẹp lên trong 24 giờ",vi_pham_sai_lech
"MC nói đeo vòng phong thủy này là tiền tự chảy vào túi",vi_pham_sai_lech
"Người phụ nữ nói chỉ cần mua gói này là cuộc đời thay đổi",vi_pham_sai_lech
"Người dẫn gọi sản phẩm là thuốc tiên không tác dụng phụ",vi_pham_sai_lech
"Cảnh chữ lớn nhấp nháy đảm bảo 100 phần trăm hiệu quả cho mọi người",vi_pham_sai_lech
"Người bán khoe khách cũ đã giàu sau ba ngày dùng sản phẩm",vi_pham_sai_lech
"MC nói sản phẩm được bác sĩ nước ngoài khuyên dùng nhưng không đưa bằng chứng",vi_pham_sai_lech
"Người phụ nữ bảo viên này uống vô là đẹp liền lập tức",vi_pham_sai_lech
"Người dẫn nói chỉ cần treo lá bùa này là trúng số",vi_pham_sai_lech
"Livestream khẳng định gói khóa học này chắc chắn kiếm trăm triệu trong tuần đầu",vi_pham_sai_lech
"Quảng cáo bảo uống chai nước này sẽ không bao giờ bệnh nữa",vi_pham_sai_lech
"Người mẹ ôm con nhỏ cười hạnh phúc trong phòng khách sáng sủa",ok
"Người cha giúp con làm bài tập toán trên bàn ăn",ok
"Gia đình cùng ăn sáng và nói chuyện vui vẻ",ok
"Người giao hàng đưa kiện hàng cho khách và cúi đầu cảm ơn",ok
"Cô nhân viên lễ tân mỉm cười chào khách bước vào khách sạn",ok
"Người thợ điện đang kiểm tra cầu dao trong căn hộ",ok
"Người phụ nữ gấp quần áo gọn gàng trong phòng ngủ",ok
"Nhóm bạn trẻ chụp ảnh tốt nghiệp mặc áo cử nhân",ok
"Người nông dân tưới vườn rau xanh buổi sớm",ok
"Đầu bếp cho gia vị vào chảo đang sôi",ok
"Nhân viên siêu thị sắp xếp sản phẩm lên kệ gọn gàng",ok
"Khách hàng ngồi nghe tư vấn bảo hiểm sức khỏe",ok
"Người đàn ông rửa xe máy trước sân nhà",ok
"Cô gái mở laptop làm việc ở quán cà phê yên tĩnh",ok
"Nhân viên kỹ thuật đang lắp đặt máy lọc nước cho khách",ok
"Người mẹ chải tóc cho con gái trước khi đi học",ok
"Nhân viên ngân hàng đưa hồ sơ cho khách ký",ok
"Người lái taxi mở cửa xe đón hành khách",ok
"Gia đình ngồi trên sofa xem chương trình tivi",ok
"Người phụ nữ mua trái cây tươi ở chợ sáng",ok

